{
  "timestamp": "2026-02-19T12:04:53",
  "calib": {
    "tl": [
      0.44584858417510986,
      0.1589877754174594
    ],
    "t": [
      0.4438571631908417,
      0.17841002189927613
    ],
    "tr": [
      0.5339433550834656,
      0.21702005321006063
    ],
    "l": [
      0.38696879148483276,
      0.3270515746668805
    ],
    "center": [
      0.4493246376514435,
      0.32602621034126966
    ],
    "r": [
      0.533943235874176,
      0.280153007087815
    ],
    "bl": [
      0.3988282084465027,
      0.4596600218992761
    ],
    "b": [
      0.46385282278060913,
      0.46716299437473874
    ],
    "br": [
      0.5376796126365662,
      0.43270965532058026
    ]
  },
  "axis_flip": {
    "x": false,
    "y": false
  },
  "map_x": {
    "L": 0.3988282084465027,
    "C": 0.4493246376514435,
    "R": 0.5339433550834656
  },
  "map_y": {
    "T": 0.17841002189927613,
    "C": 0.32602621034126966,
    "B": 0.4596600218992761
  },
  "quality": {
    "tl": {
      "median_x": 0.44584858417510986,
      "median_y": 0.29631751775741577,
      "mad_x": 0.006058067083358765,
      "mad_y": 0.014723598957061768
    },
    "t": {
      "median_x": 0.4438571631908417,
      "median_y": 0.3079181909561157,
      "mad_x": 0.0026347339153289795,
      "mad_y": 0.004972398281097412
    },
    "tr": {
      "median_x": 0.5339433550834656,
      "median_y": 0.33097949624061584,
      "mad_x": 0.0019884705543518066,
      "mad_y": 0.004191666841506958
    },
    "l": {
      "median_x": 0.38696879148483276,
      "median_y": 0.396699994802475,
      "mad_x": 0.0020381510257720947,
      "mad_y": 0.0052207112312316895
    },
    "center": {
      "median_x": 0.4493246376514435,
      "median_y": 0.39608755707740784,
      "mad_x": 0.0025002360343933105,
      "mad_y": 0.0038465261459350586
    },
    "r": {
      "median_x": 0.533943235874176,
      "median_y": 0.36868804693222046,
      "mad_x": 0.002098381519317627,
      "mad_y": 0.006416976451873779
    },
    "bl": {
      "median_x": 0.3988282084465027,
      "median_y": 0.4759054183959961,
      "mad_x": 0.0022914111614227295,
      "mad_y": 0.0043069422245025635
    },
    "b": {
      "median_x": 0.46385282278060913,
      "median_y": 0.4803868532180786,
      "mad_x": 0.002133667469024658,
      "mad_y": 0.007073879241943359
    },
    "br": {
      "median_x": 0.5376796126365662,
      "median_y": 0.4598082900047302,
      "mad_x": 0.002141118049621582,
      "mad_y": 0.005570918321609497
    }
  },
  "openness_comp": {
    "ref": 0.36988522528031265,
    "beta_y": -0.20687399515967678
  },
  "filter": {
    "min_cutoff": 0.8,
    "beta": 0.02,
    "d_cutoff": 1.0
  },
  "range": {
    "gx_min": 0.36882820844650266,
    "gx_max": 0.5676796126365662,
    "gy_min": 0.1289877754174594,
    "gy_max": 0.48966002189927615
  },
  "ml": {
    "ready": true,
    "user_id": "User",
    "model_file": "ml_model_User.npz",
    "feature_order": [
      "gx",
      "gy",
      "yaw",
      "pitch",
      "roll",
      "tz"
    ],
    "alpha": 0.5,
    "version": 1
  }
}