{
  "timestamp": "2026-03-20T14:11:13",
  "calib": {
    "tl": [
      0.361346572637558,
      0.2752563142405755
    ],
    "t": [
      0.4468195140361786,
      0.2995275601731055
    ],
    "tr": [
      0.586493968963623,
      0.2604173157101435
    ],
    "l": [
      0.38516923785209656,
      0.37282799809776257
    ],
    "center": [
      0.46767303347587585,
      0.42134670904910754
    ],
    "r": [
      0.5844074487686157,
      0.4298683356883498
    ],
    "bl": [
      0.4176580607891083,
      0.5130533090730505
    ],
    "b": [
      0.4871382713317871,
      0.5779922239681917
    ],
    "br": [
      0.559449315071106,
      0.5565063142405755
    ]
  },
  "axis_flip": {
    "x": false,
    "y": false
  },
  "map_x": {
    "L": 0.38516923785209656,
    "C": 0.46767303347587585,
    "R": 0.5844074487686157
  },
  "map_y": {
    "T": 0.2752563142405755,
    "C": 0.42134670904910754,
    "B": 0.5565063142405755
  },
  "quality": {
    "tl": {
      "median_x": 0.361346572637558,
      "median_y": 0.24736034870147705,
      "mad_x": 0.008438467979431152,
      "mad_y": 0.005412966012954712
    },
    "t": {
      "median_x": 0.4468195140361786,
      "median_y": 0.27464422583580017,
      "mad_x": 0.0016605854034423828,
      "mad_y": 0.003795802593231201
    },
    "tr": {
      "median_x": 0.586493968963623,
      "median_y": 0.2306794822216034,
      "mad_x": 0.002390623092651367,
      "mad_y": 0.003854990005493164
    },
    "l": {
      "median_x": 0.38516923785209656,
      "median_y": 0.35704296827316284,
      "mad_x": 0.002292335033416748,
      "mad_y": 0.004558861255645752
    },
    "center": {
      "median_x": 0.46767303347587585,
      "median_y": 0.4115839898586273,
      "mad_x": 0.0015700161457061768,
      "mad_y": 0.0049707889556884766
    },
    "r": {
      "median_x": 0.5844074487686157,
      "median_y": 0.4211633503437042,
      "mad_x": 0.002063274383544922,
      "mad_y": 0.005001097917556763
    },
    "bl": {
      "median_x": 0.4176580607891083,
      "median_y": 0.5146735310554504,
      "mad_x": 0.0016952157020568848,
      "mad_y": 0.008567750453948975
    },
    "b": {
      "median_x": 0.4871382713317871,
      "median_y": 0.5876728892326355,
      "mad_x": 0.0035636723041534424,
      "mad_y": 0.0038513541221618652
    },
    "br": {
      "median_x": 0.559449315071106,
      "median_y": 0.563520073890686,
      "mad_x": 0.003200709819793701,
      "mad_y": 0.002760589122772217
    }
  },
  "openness_comp": {
    "ref": 0.32446949428662264,
    "beta_y": -0.25089351652222747
  },
  "filter": {
    "min_cutoff": 0.8,
    "beta": 0.02,
    "d_cutoff": 1.0
  },
  "range": {
    "gx_min": 0.33134657263755796,
    "gx_max": 0.6164939689636231,
    "gy_min": 0.23041731571014348,
    "gy_max": 0.5865063142405755
  },
  "ml": {
    "ready": true,
    "user_id": "User",
    "model_file": "ml_model_User.npz",
    "feature_order": [
      "gx",
      "gy",
      "yaw",
      "pitch",
      "roll",
      "tz"
    ],
    "alpha": 0.5,
    "version": 1
  }
}