{
  "timestamp": "2026-02-15T20:48:46",
  "calib": {
    "tl": [
      0.42796292901039124,
      0.21654368141260705
    ],
    "t": [
      0.4917560815811157,
      0.21009874992458322
    ],
    "tr": [
      0.5476697683334351,
      0.17185861255706542
    ],
    "l": [
      0.4261742830276489,
      0.3284608037922921
    ],
    "center": [
      0.48860055208206177,
      0.28475233540701617
    ],
    "r": [
      0.5444789528846741,
      0.288193698423286
    ],
    "bl": [
      0.42096972465515137,
      0.4913487499245832
    ],
    "b": [
      0.4816363751888275,
      0.46800413828760284
    ],
    "br": [
      0.5480257272720337,
      0.49751148116088245
    ]
  },
  "axis_flip": {
    "x": false,
    "y": false
  },
  "map_x": {
    "L": 0.4261742830276489,
    "C": 0.48860055208206177,
    "R": 0.5476697683334351
  },
  "map_y": {
    "T": 0.21009874992458322,
    "C": 0.288193698423286,
    "B": 0.4913487499245832
  },
  "quality": {
    "tl": {
      "median_x": 0.42796292901039124,
      "median_y": 0.32077932357788086,
      "mad_x": 0.002095162868499756,
      "mad_y": 0.008304715156555176
    },
    "t": {
      "median_x": 0.4917560815811157,
      "median_y": 0.3167043924331665,
      "mad_x": 0.0018023550510406494,
      "mad_y": 0.005174189805984497
    },
    "tr": {
      "median_x": 0.5476697683334351,
      "median_y": 0.29252633452415466,
      "mad_x": 0.003910362720489502,
      "mad_y": 0.00430828332901001
    },
    "l": {
      "median_x": 0.4261742830276489,
      "median_y": 0.391541063785553,
      "mad_x": 0.0018447041511535645,
      "mad_y": 0.004127204418182373
    },
    "center": {
      "median_x": 0.48860055208206177,
      "median_y": 0.36390554904937744,
      "mad_x": 0.0019999146461486816,
      "mad_y": 0.00450289249420166
    },
    "r": {
      "median_x": 0.5444789528846741,
      "median_y": 0.3660814166069031,
      "mad_x": 0.0016436576843261719,
      "mad_y": 0.007780224084854126
    },
    "bl": {
      "median_x": 0.42096972465515137,
      "median_y": 0.4945300817489624,
      "mad_x": 0.0018296241760253906,
      "mad_y": 0.01076480746269226
    },
    "b": {
      "median_x": 0.4816363751888275,
      "median_y": 0.4797700047492981,
      "mad_x": 0.0013448596000671387,
      "mad_y": 0.005484253168106079
    },
    "br": {
      "median_x": 0.5480257272720337,
      "median_y": 0.4984265863895416,
      "mad_x": 0.0019273161888122559,
      "mad_y": 0.01323750615119934
    }
  },
  "openness_comp": {
    "ref": 0.38591713632332236,
    "beta_y": 0.10167642081448128
  },
  "filter": {
    "min_cutoff": 0.8,
    "beta": 0.02,
    "d_cutoff": 1.0
  },
  "range": {
    "gx_min": 0.39096972465515134,
    "gx_max": 0.5780257272720337,
    "gy_min": 0.14185861255706542,
    "gy_max": 0.5275114811608824
  },
  "ml": {
    "ready": true,
    "user_id": "Lenovo",
    "model_file": "ml_model_Lenovo.npz",
    "feature_order": [
      "gx",
      "gy",
      "yaw",
      "pitch",
      "roll",
      "tz"
    ],
    "alpha": 0.5,
    "version": 1
  }
}