{
  "timestamp": "2026-02-02T22:08:20",
  "calib": {
    "tl": [
      0.4441978931427002,
      0.30192205868661404
    ],
    "t": [
      0.49983882904052734,
      0.26448469795286655
    ],
    "tr": [
      0.5801163911819458,
      0.20643735490739346
    ],
    "l": [
      0.45299458503723145,
      0.4007708951830864
    ],
    "center": [
      0.5007314085960388,
      0.3371887020766735
    ],
    "r": [
      0.5711179375648499,
      0.3006655368953943
    ],
    "bl": [
      0.4548949599266052,
      0.4890838284045458
    ],
    "b": [
      0.4981740117073059,
      0.43171051144599915
    ],
    "br": [
      0.5642816424369812,
      0.40399936214089394
    ]
  },
  "axis_flip": {
    "x": false,
    "y": false
  },
  "map_x": {
    "L": 0.45299458503723145,
    "C": 0.49983882904052734,
    "R": 0.5711179375648499
  },
  "map_y": {
    "T": 0.26448469795286655,
    "C": 0.3371887020766735,
    "B": 0.43171051144599915
  },
  "quality": {
    "tl": {
      "median_x": 0.4441978931427002,
      "median_y": 0.40945008397102356,
      "mad_x": 0.0032422244548797607,
      "mad_y": 0.002131640911102295
    },
    "t": {
      "median_x": 0.49983882904052734,
      "median_y": 0.3923358619213104,
      "mad_x": 0.0032699406147003174,
      "mad_y": 0.0022313594818115234
    },
    "tr": {
      "median_x": 0.5801163911819458,
      "median_y": 0.3657999336719513,
      "mad_x": 0.002438783645629883,
      "mad_y": 0.0038493573665618896
    },
    "l": {
      "median_x": 0.45299458503723145,
      "median_y": 0.45463812351226807,
      "mad_x": 0.0017246603965759277,
      "mad_y": 0.0028388798236846924
    },
    "center": {
      "median_x": 0.5007314085960388,
      "median_y": 0.4255719780921936,
      "mad_x": 0.001949608325958252,
      "mad_y": 0.005329728126525879
    },
    "r": {
      "median_x": 0.5711179375648499,
      "median_y": 0.4088756740093231,
      "mad_x": 0.0012804269790649414,
      "mad_y": 0.005047231912612915
    },
    "bl": {
      "median_x": 0.4548949599266052,
      "median_y": 0.49500975012779236,
      "mad_x": 0.0020860135555267334,
      "mad_y": 0.00909695029258728
    },
    "b": {
      "median_x": 0.4981740117073059,
      "median_y": 0.4687819480895996,
      "mad_x": 0.0018025040626525879,
      "mad_y": 0.006940007209777832
    },
    "br": {
      "median_x": 0.5642816424369812,
      "median_y": 0.4561139941215515,
      "mad_x": 0.004076182842254639,
      "mad_y": 0.00430724024772644
    }
  },
  "openness_comp": {
    "ref": 0.35374964283679466,
    "beta_y": -0.2618085787043157
  },
  "filter": {
    "min_cutoff": 0.8,
    "beta": 0.02,
    "d_cutoff": 1.0
  },
  "range": {
    "gx_min": 0.41419789314270017,
    "gx_max": 0.6101163911819458,
    "gy_min": 0.17643735490739346,
    "gy_max": 0.5190838284045458
  }
}