{
  "timestamp": "2026-02-03T22:48:25",
  "calib": {
    "tl": [
      0.43850088119506836,
      0.3063714522868395
    ],
    "t": [
      0.5099271535873413,
      0.2640502545982599
    ],
    "tr": [
      0.5921997427940369,
      0.2049539629369974
    ],
    "l": [
      0.4447602331638336,
      0.37951322458684444
    ],
    "center": [
      0.5118234753608704,
      0.32469623908400536
    ],
    "r": [
      0.5825908184051514,
      0.3133757431060076
    ],
    "bl": [
      0.4498194754123688,
      0.4653354100883007
    ],
    "b": [
      0.502074658870697,
      0.4640068504959345
    ],
    "br": [
      0.5684347748756409,
      0.4165116436779499
    ]
  },
  "axis_flip": {
    "x": false,
    "y": false
  },
  "map_x": {
    "L": 0.4447602331638336,
    "C": 0.5099271535873413,
    "R": 0.5825908184051514
  },
  "map_y": {
    "T": 0.2640502545982599,
    "C": 0.32469623908400536,
    "B": 0.4640068504959345
  },
  "quality": {
    "tl": {
      "median_x": 0.43850088119506836,
      "median_y": 0.41148409247398376,
      "mad_x": 0.002088010311126709,
      "mad_y": 0.006666779518127441
    },
    "t": {
      "median_x": 0.5099271535873413,
      "median_y": 0.3921372592449188,
      "mad_x": 0.0025786757469177246,
      "mad_y": 0.0101814866065979
    },
    "tr": {
      "median_x": 0.5921997427940369,
      "median_y": 0.3651218116283417,
      "mad_x": 0.0027225613594055176,
      "mad_y": 0.006841987371444702
    },
    "l": {
      "median_x": 0.4447602331638336,
      "median_y": 0.4449203312397003,
      "mad_x": 0.0018835961818695068,
      "mad_y": 0.007750093936920166
    },
    "center": {
      "median_x": 0.5118234753608704,
      "median_y": 0.4198611378669739,
      "mad_x": 0.002546250820159912,
      "mad_y": 0.009614378213882446
    },
    "r": {
      "median_x": 0.5825908184051514,
      "median_y": 0.41468605399131775,
      "mad_x": 0.0027136802673339844,
      "mad_y": 0.007737457752227783
    },
    "bl": {
      "median_x": 0.4498194754123688,
      "median_y": 0.4841533303260803,
      "mad_x": 0.0034945011138916016,
      "mad_y": 0.007066011428833008
    },
    "b": {
      "median_x": 0.502074658870697,
      "median_y": 0.4835459887981415,
      "mad_x": 0.0017611980438232422,
      "mad_y": 0.0035912394523620605
    },
    "br": {
      "median_x": 0.5684347748756409,
      "median_y": 0.4618338942527771,
      "mad_x": 0.0016875267028808594,
      "mad_y": 0.007222533226013184
    }
  },
  "openness_comp": {
    "ref": 0.36214813101456583,
    "beta_y": 0.23816653562717266
  },
  "filter": {
    "min_cutoff": 0.8,
    "beta": 0.02,
    "d_cutoff": 1.0
  },
  "range": {
    "gx_min": 0.40850088119506833,
    "gx_max": 0.6221997427940369,
    "gy_min": 0.17495396293699741,
    "gy_max": 0.49533541008830073
  }
}