{
  "timestamp": "2026-03-23T22:34:45",
  "calib": {
    "tl": [
      0.41481417417526245,
      0.13332188728746242
    ],
    "t": [
      0.5058198571205139,
      0.12230798180203878
    ],
    "tr": [
      0.5700284242630005,
      0.035862179316007714
    ],
    "l": [
      0.4298951327800751,
      0.2686601075121665
    ],
    "center": [
      0.5086532235145569,
      0.2250233649539043
    ],
    "r": [
      0.5698065161705017,
      0.16437854229390447
    ],
    "bl": [
      0.42462262511253357,
      0.42576516051723334
    ],
    "b": [
      0.49761834740638733,
      0.4035579818020388
    ],
    "br": [
      0.5582692623138428,
      0.3293036784782072
    ]
  },
  "axis_flip": {
    "x": false,
    "y": false
  },
  "map_x": {
    "L": 0.42462262511253357,
    "C": 0.5058198571205139,
    "R": 0.5698065161705017
  },
  "map_y": {
    "T": 0.12230798180203878,
    "C": 0.2250233649539043,
    "B": 0.4035579818020388
  },
  "quality": {
    "tl": {
      "median_x": 0.41481417417526245,
      "median_y": 0.32539087533950806,
      "mad_x": 0.0015906691551208496,
      "mad_y": 0.0031259655952453613
    },
    "t": {
      "median_x": 0.5058198571205139,
      "median_y": 0.3201461434364319,
      "mad_x": 0.001218259334564209,
      "mad_y": 0.003034651279449463
    },
    "tr": {
      "median_x": 0.5700284242630005,
      "median_y": 0.27898135781288147,
      "mad_x": 0.0012165307998657227,
      "mad_y": 0.0024092495441436768
    },
    "l": {
      "median_x": 0.4298951327800751,
      "median_y": 0.3898378312587738,
      "mad_x": 0.001815110445022583,
      "mad_y": 0.0021510720252990723
    },
    "center": {
      "median_x": 0.5086532235145569,
      "median_y": 0.36905837059020996,
      "mad_x": 0.0011029243469238281,
      "mad_y": 0.00554773211479187
    },
    "r": {
      "median_x": 0.5698065161705017,
      "median_y": 0.34017980098724365,
      "mad_x": 0.0013512969017028809,
      "mad_y": 0.00554734468460083
    },
    "bl": {
      "median_x": 0.42462262511253357,
      "median_y": 0.4646499752998352,
      "mad_x": 0.0021091997623443604,
      "mad_y": 0.00885075330734253
    },
    "b": {
      "median_x": 0.49761834740638733,
      "median_y": 0.4540750980377197,
      "mad_x": 0.0026943981647491455,
      "mad_y": 0.007472634315490723
    },
    "br": {
      "median_x": 0.5582692623138428,
      "median_y": 0.41871580481529236,
      "mad_x": 0.0009045004844665527,
      "mad_y": 0.0043222010135650635
    }
  },
  "openness_comp": {
    "ref": 0.3907311941951044,
    "beta_y": -0.8242330676303111
  },
  "filter": {
    "min_cutoff": 0.8,
    "beta": 0.02,
    "d_cutoff": 1.0
  },
  "range": {
    "gx_min": 0.3848141741752624,
    "gx_max": 0.6000284242630005,
    "gy_min": 0.005862179316007715,
    "gy_max": 0.45576516051723337
  },
  "ml": {
    "ready": true,
    "user_id": "Lenovo",
    "model_file": "ml_model_Lenovo.npz",
    "feature_order": [
      "gx",
      "gy",
      "yaw",
      "pitch",
      "roll",
      "tz"
    ],
    "alpha": 0.5,
    "version": 1
  }
}