{
  "timestamp": "2026-02-02T14:59:09",
  "calib": {
    "tl": [
      0.40493306517601013,
      0.619265615940094
    ],
    "t": [
      0.49022555351257324,
      0.6456262171268463
    ],
    "tr": [
      0.5907539129257202,
      0.6643404066562653
    ],
    "l": [
      0.40081194043159485,
      0.6043351888656616
    ],
    "center": [
      0.48492252826690674,
      0.6610352993011475
    ],
    "r": [
      0.5961184501647949,
      0.7495555579662323
    ],
    "bl": [
      0.4055856764316559,
      0.6757483184337616
    ],
    "b": [
      0.48789864778518677,
      0.7055070400238037
    ],
    "br": [
      0.616098165512085,
      0.7239748537540436
    ]
  },
  "axis_flip": {
    "x": false,
    "y": true
  },
  "map_x": null,
  "map_y": null,
  "quality": {
    "tl": {
      "median_x": 0.40493306517601013,
      "median_y": 0.380734384059906,
      "mad_x": 0.0032401084899902344,
      "mad_y": 0.012351274490356445
    },
    "t": {
      "median_x": 0.49022555351257324,
      "median_y": 0.3543737828731537,
      "mad_x": 0.0023001432418823242,
      "mad_y": 0.004671216011047363
    },
    "tr": {
      "median_x": 0.5907539129257202,
      "median_y": 0.33565959334373474,
      "mad_x": 0.0028018951416015625,
      "mad_y": 0.009062707424163818
    },
    "l": {
      "median_x": 0.40081194043159485,
      "median_y": 0.3956648111343384,
      "mad_x": 0.0014646351337432861,
      "mad_y": 0.006075114011764526
    },
    "center": {
      "median_x": 0.48492252826690674,
      "median_y": 0.33896470069885254,
      "mad_x": 0.001469433307647705,
      "mad_y": 0.007201850414276123
    },
    "r": {
      "median_x": 0.5961184501647949,
      "median_y": 0.2504444420337677,
      "mad_x": 0.0030857324600219727,
      "mad_y": 0.007873624563217163
    },
    "bl": {
      "median_x": 0.4055856764316559,
      "median_y": 0.3242516815662384,
      "mad_x": 0.002345949411392212,
      "mad_y": 0.008088529109954834
    },
    "b": {
      "median_x": 0.48789864778518677,
      "median_y": 0.2944929599761963,
      "mad_x": 0.0022383928298950195,
      "mad_y": 0.00799223780632019
    },
    "br": {
      "median_x": 0.616098165512085,
      "median_y": 0.2760251462459564,
      "mad_x": 0.002857506275177002,
      "mad_y": 0.011625736951828003
    }
  },
  "openness_comp": {
    "ref": 0.35928079655303913,
    "beta_y": 1.2501424850331837
  },
  "filter": {
    "min_cutoff": 0.8,
    "beta": 0.02,
    "d_cutoff": 1.0
  },
  "range": {
    "gx_min": 0.3749330651760101,
    "gx_max": 0.646098165512085,
    "gy_min": 0.589265615940094,
    "gy_max": 0.7539748537540436
  }
}