{
  "timestamp": "2026-02-02T18:05:33",
  "calib": {
    "tl": [
      0.4688638746738434,
      0.53237384557724
    ],
    "t": [
      0.5351542830467224,
      0.49559706449508667
    ],
    "tr": [
      0.5972759127616882,
      0.48135507106781006
    ],
    "l": [
      0.46063774824142456,
      0.5311809182167053
    ],
    "center": [
      0.5297250747680664,
      0.49540266394615173
    ],
    "r": [
      0.588064968585968,
      0.48715871572494507
    ],
    "bl": [
      0.45921337604522705,
      0.5215970277786255
    ],
    "b": [
      0.5165761113166809,
      0.506024956703186
    ],
    "br": [
      0.5762409567832947,
      0.4925761818885803
    ]
  },
  "axis_flip": {
    "x": false,
    "y": false
  },
  "map_x": null,
  "map_y": null,
  "quality": {
    "tl": {
      "median_x": 0.4688638746738434,
      "median_y": 0.53237384557724,
      "mad_x": 0.00579497218132019,
      "mad_y": 0.006235003471374512
    },
    "t": {
      "median_x": 0.5351542830467224,
      "median_y": 0.49559706449508667,
      "mad_x": 0.002206087112426758,
      "mad_y": 0.002058655023574829
    },
    "tr": {
      "median_x": 0.5972759127616882,
      "median_y": 0.48135507106781006,
      "mad_x": 0.0011662840843200684,
      "mad_y": 0.0038017332553863525
    },
    "l": {
      "median_x": 0.46063774824142456,
      "median_y": 0.5311809182167053,
      "mad_x": 0.0022719502449035645,
      "mad_y": 0.00206911563873291
    },
    "center": {
      "median_x": 0.5297250747680664,
      "median_y": 0.49540266394615173,
      "mad_x": 0.0016175508499145508,
      "mad_y": 0.0036425888538360596
    },
    "r": {
      "median_x": 0.588064968585968,
      "median_y": 0.48715871572494507,
      "mad_x": 0.003321528434753418,
      "mad_y": 0.0031486451625823975
    },
    "bl": {
      "median_x": 0.45921337604522705,
      "median_y": 0.5215970277786255,
      "mad_x": 0.003086000680923462,
      "mad_y": 0.0060631632804870605
    },
    "b": {
      "median_x": 0.5165761113166809,
      "median_y": 0.506024956703186,
      "mad_x": 0.0025908350944519043,
      "mad_y": 0.004929721355438232
    },
    "br": {
      "median_x": 0.5762409567832947,
      "median_y": 0.4925761818885803,
      "mad_x": 0.0021452903747558594,
      "mad_y": 0.0027564167976379395
    }
  },
  "openness_comp": {
    "ref": 0.3561704756988723,
    "beta_y": -0.161123066355517
  },
  "filter": {
    "min_cutoff": 0.8,
    "beta": 0.02,
    "d_cutoff": 1.0
  },
  "range": {
    "gx_min": 0.429213376045227,
    "gx_max": 0.6272759127616883,
    "gy_min": 0.45135507106781003,
    "gy_max": 0.5515970277786255
  }
}