{
  "timestamp": "2026-02-02T22:44:54",
  "calib": {
    "tl": [
      0.4546821415424347,
      0.3101567290723324
    ],
    "t": [
      0.528143584728241,
      0.27199338376522064
    ],
    "tr": [
      0.6006450057029724,
      0.18012047931551933
    ],
    "l": [
      0.4501940906047821,
      0.4093070812523365
    ],
    "center": [
      0.5189311504364014,
      0.33986700884997845
    ],
    "r": [
      0.5891745090484619,
      0.30673516169190407
    ],
    "bl": [
      0.4512195289134979,
      0.5665873102843761
    ],
    "b": [
      0.5083218216896057,
      0.47777161188423634
    ],
    "br": [
      0.5724585652351379,
      0.5053979456424713
    ]
  },
  "axis_flip": {
    "x": false,
    "y": false
  },
  "map_x": {
    "L": 0.4512195289134979,
    "C": 0.5189311504364014,
    "R": 0.5891745090484619
  },
  "map_y": {
    "T": 0.27199338376522064,
    "C": 0.33986700884997845,
    "B": 0.5053979456424713
  },
  "quality": {
    "tl": {
      "median_x": 0.4546821415424347,
      "median_y": 0.4132145047187805,
      "mad_x": 0.001671820878982544,
      "mad_y": 0.002427816390991211
    },
    "t": {
      "median_x": 0.528143584728241,
      "median_y": 0.395768404006958,
      "mad_x": 0.0031818747520446777,
      "mad_y": 0.003681659698486328
    },
    "tr": {
      "median_x": 0.6006450057029724,
      "median_y": 0.35376936197280884,
      "mad_x": 0.0019094347953796387,
      "mad_y": 0.004747152328491211
    },
    "l": {
      "median_x": 0.4501940906047821,
      "median_y": 0.4585403800010681,
      "mad_x": 0.0017361640930175781,
      "mad_y": 0.003722667694091797
    },
    "center": {
      "median_x": 0.5189311504364014,
      "median_y": 0.4267963469028473,
      "mad_x": 0.0014185309410095215,
      "mad_y": 0.0025859475135803223
    },
    "r": {
      "median_x": 0.5891745090484619,
      "median_y": 0.4116503596305847,
      "mad_x": 0.0027219057083129883,
      "mad_y": 0.005731791257858276
    },
    "bl": {
      "median_x": 0.4512195289134979,
      "median_y": 0.5304399132728577,
      "mad_x": 0.0017495453357696533,
      "mad_y": 0.0027112364768981934
    },
    "b": {
      "median_x": 0.5083218216896057,
      "median_y": 0.48983845114707947,
      "mad_x": 0.0017902255058288574,
      "mad_y": 0.011594206094741821
    },
    "br": {
      "median_x": 0.5724585652351379,
      "median_y": 0.5024676322937012,
      "mad_x": 0.00234830379486084,
      "mad_y": 0.005976855754852295
    }
  },
  "openness_comp": {
    "ref": 0.3703909529915871,
    "beta_y": 0.5038431334138005
  },
  "filter": {
    "min_cutoff": 0.8,
    "beta": 0.02,
    "d_cutoff": 1.0
  },
  "range": {
    "gx_min": 0.4212195289134979,
    "gx_max": 0.6306450057029724,
    "gy_min": 0.15012047931551933,
    "gy_max": 0.5965873102843762
  }
}