{
  "timestamp": "2026-02-12T23:04:43",
  "calib": {
    "tl": [
      0.43016618490219116,
      0.32935631719577363
    ],
    "t": [
      0.5020338892936707,
      0.3244085375302555
    ],
    "tr": [
      0.5914744734764099,
      0.2839561133591192
    ],
    "l": [
      0.4357593357563019,
      0.42881690522002625
    ],
    "center": [
      0.5037816166877747,
      0.43798976521588273
    ],
    "r": [
      0.5919190645217896,
      0.373986080379185
    ],
    "bl": [
      0.4443540871143341,
      0.5731626487928974
    ],
    "b": [
      0.515240490436554,
      0.6724943826312417
    ],
    "br": [
      0.5804377794265747,
      0.6056585375302554
    ]
  },
  "axis_flip": {
    "x": false,
    "y": false
  },
  "map_x": {
    "L": 0.4357593357563019,
    "C": 0.5037816166877747,
    "R": 0.5914744734764099
  },
  "map_y": {
    "T": 0.3244085375302555,
    "C": 0.42881690522002625,
    "B": 0.6056585375302554
  },
  "quality": {
    "tl": {
      "median_x": 0.43016618490219116,
      "median_y": 0.4033830761909485,
      "mad_x": 0.0015643537044525146,
      "mad_y": 0.006725907325744629
    },
    "t": {
      "median_x": 0.5020338892936707,
      "median_y": 0.4005816876888275,
      "mad_x": 0.0017074346542358398,
      "mad_y": 0.0023504793643951416
    },
    "tr": {
      "median_x": 0.5914744734764099,
      "median_y": 0.37767788767814636,
      "mad_x": 0.002252519130706787,
      "mad_y": 0.004063338041305542
    },
    "l": {
      "median_x": 0.4357593357563019,
      "median_y": 0.45969676971435547,
      "mad_x": 0.0015912055969238281,
      "mad_y": 0.005314946174621582
    },
    "center": {
      "median_x": 0.5037816166877747,
      "median_y": 0.46489036083221436,
      "mad_x": 0.0024367570877075195,
      "mad_y": 0.005916953086853027
    },
    "r": {
      "median_x": 0.5919190645217896,
      "median_y": 0.4286520481109619,
      "mad_x": 0.0033095479011535645,
      "mad_y": 0.008780598640441895
    },
    "bl": {
      "median_x": 0.4443540871143341,
      "median_y": 0.541424036026001,
      "mad_x": 0.002377450466156006,
      "mad_y": 0.013005375862121582
    },
    "b": {
      "median_x": 0.515240490436554,
      "median_y": 0.5976647734642029,
      "mad_x": 0.0027689337730407715,
      "mad_y": 0.009861528873443604
    },
    "br": {
      "median_x": 0.5804377794265747,
      "median_y": 0.5598229169845581,
      "mad_x": 0.0028076171875,
      "mad_y": 0.0075762271881103516
    }
  },
  "openness_comp": {
    "ref": 0.3530909378296155,
    "beta_y": 0.15918777198418238
  },
  "filter": {
    "min_cutoff": 0.8,
    "beta": 0.02,
    "d_cutoff": 1.0
  },
  "range": {
    "gx_min": 0.40016618490219114,
    "gx_max": 0.6214744734764099,
    "gy_min": 0.25395611335911916,
    "gy_max": 0.6356585375302555
  }
}