{
  "timestamp": "2026-02-14T10:06:53",
  "calib": {
    "tl": [
      0.42659854888916016,
      0.26934004575014114
    ],
    "t": [
      0.48930656909942627,
      0.28606507182121277
    ],
    "tr": [
      0.5718012452125549,
      0.22728881053626537
    ],
    "l": [
      0.4282008707523346,
      0.3680457193404436
    ],
    "center": [
      0.4980998635292053,
      0.34999376349151134
    ],
    "r": [
      0.5756003260612488,
      0.31382413767278194
    ],
    "bl": [
      0.434998482465744,
      0.4542583432048559
    ],
    "b": [
      0.49501827359199524,
      0.46474867686629295
    ],
    "br": [
      0.5623979568481445,
      0.38506841473281384
    ]
  },
  "axis_flip": {
    "x": false,
    "y": false
  },
  "map_x": {
    "L": 0.4282008707523346,
    "C": 0.49501827359199524,
    "R": 0.5718012452125549
  },
  "map_y": {
    "T": 0.26934004575014114,
    "C": 0.34999376349151134,
    "B": 0.4542583432048559
  },
  "quality": {
    "tl": {
      "median_x": 0.42659854888916016,
      "median_y": 0.3945554494857788,
      "mad_x": 0.0012075603008270264,
      "mad_y": 0.0016994476318359375
    },
    "t": {
      "median_x": 0.48930656909942627,
      "median_y": 0.40220117568969727,
      "mad_x": 0.0019089281558990479,
      "mad_y": 0.0019198358058929443
    },
    "tr": {
      "median_x": 0.5718012452125549,
      "median_y": 0.3753320276737213,
      "mad_x": 0.0026706457138061523,
      "mad_y": 0.004290103912353516
    },
    "l": {
      "median_x": 0.4282008707523346,
      "median_y": 0.43967804312705994,
      "mad_x": 0.0031495392322540283,
      "mad_y": 0.003628849983215332
    },
    "center": {
      "median_x": 0.4980998635292053,
      "median_y": 0.43142572045326233,
      "mad_x": 0.0021258890628814697,
      "mad_y": 0.0026352405548095703
    },
    "r": {
      "median_x": 0.5756003260612488,
      "median_y": 0.4148910343647003,
      "mad_x": 0.0013689994812011719,
      "mad_y": 0.005757182836532593
    },
    "bl": {
      "median_x": 0.434998482465744,
      "median_y": 0.47908952832221985,
      "mad_x": 0.004709511995315552,
      "mad_y": 0.011830389499664307
    },
    "b": {
      "median_x": 0.49501827359199524,
      "median_y": 0.48388510942459106,
      "mad_x": 0.0014887452125549316,
      "mad_y": 0.009936332702636719
    },
    "br": {
      "median_x": 0.5623979568481445,
      "median_y": 0.4474598467350006,
      "mad_x": 0.0014129281044006348,
      "mad_y": 0.004181563854217529
    }
  },
  "openness_comp": {
    "ref": 0.3543206578794152,
    "beta_y": -0.08157992121947759
  },
  "filter": {
    "min_cutoff": 0.8,
    "beta": 0.02,
    "d_cutoff": 1.0
  },
  "range": {
    "gx_min": 0.39659854888916013,
    "gx_max": 0.601801245212555,
    "gy_min": 0.19728881053626537,
    "gy_max": 0.48425834320485595
  }
}