{
  "timestamp": "2026-02-14T15:58:15",
  "calib": {
    "tl": [
      0.41734662652015686,
      0.21791735576419402
    ],
    "t": [
      0.504743218421936,
      0.2436895760745797
    ],
    "tr": [
      0.6148344278335571,
      0.2544210699133638
    ],
    "l": [
      0.4123633801937103,
      0.3182162427224564
    ],
    "center": [
      0.4965682625770569,
      0.272193904241784
    ],
    "r": [
      0.6136617660522461,
      0.4217162838655144
    ],
    "bl": [
      0.391084223985672,
      0.45769631339639966
    ],
    "b": [
      0.4804142117500305,
      0.5249395760745796
    ],
    "br": [
      0.5963383913040161,
      0.5259398473369133
    ]
  },
  "axis_flip": {
    "x": false,
    "y": false
  },
  "map_x": {
    "L": 0.4123633801937103,
    "C": 0.4965682625770569,
    "R": 0.6136617660522461
  },
  "map_y": {
    "T": 0.2436895760745797,
    "C": 0.3182162427224564,
    "B": 0.5249395760745796
  },
  "quality": {
    "tl": {
      "median_x": 0.41734662652015686,
      "median_y": 0.2825939953327179,
      "mad_x": 0.003512084484100342,
      "mad_y": 0.011055976152420044
    },
    "t": {
      "median_x": 0.504743218421936,
      "median_y": 0.3024570941925049,
      "mad_x": 0.002269148826599121,
      "mad_y": 0.007273972034454346
    },
    "tr": {
      "median_x": 0.6148344278335571,
      "median_y": 0.3107280433177948,
      "mad_x": 0.004713594913482666,
      "mad_y": 0.005513250827789307
    },
    "l": {
      "median_x": 0.4123633801937103,
      "median_y": 0.35989609360694885,
      "mad_x": 0.003110915422439575,
      "mad_y": 0.007798224687576294
    },
    "center": {
      "median_x": 0.4965682625770569,
      "median_y": 0.3244258761405945,
      "mad_x": 0.002173483371734619,
      "mad_y": 0.011777043342590332
    },
    "r": {
      "median_x": 0.6136617660522461,
      "median_y": 0.43966537714004517,
      "mad_x": 0.0023283958435058594,
      "mad_y": 0.010184228420257568
    },
    "bl": {
      "median_x": 0.391084223985672,
      "median_y": 0.4673958122730255,
      "mad_x": 0.00260239839553833,
      "mad_y": 0.011302173137664795
    },
    "b": {
      "median_x": 0.4804142117500305,
      "median_y": 0.5192213654518127,
      "mad_x": 0.0017194151878356934,
      "mad_y": 0.01110827922821045
    },
    "br": {
      "median_x": 0.5963383913040161,
      "median_y": 0.5199922919273376,
      "mad_x": 0.008114159107208252,
      "mad_y": 0.009586215019226074
    }
  },
  "openness_comp": {
    "ref": 0.33546942095661214,
    "beta_y": 0.5572542486541239
  },
  "filter": {
    "min_cutoff": 0.8,
    "beta": 0.02,
    "d_cutoff": 1.0
  },
  "range": {
    "gx_min": 0.36108422398567197,
    "gx_max": 0.6448344278335572,
    "gy_min": 0.18791735576419402,
    "gy_max": 0.5559398473369134
  }
}