{
  "timestamp": "2026-03-24T18:04:17",
  "calib": {
    "tl": [
      0.42413759231567383,
      0.28805204786439986
    ],
    "t": [
      0.5057156682014465,
      0.2818702307514843
    ],
    "tr": [
      0.5931365489959717,
      0.22631309537206606
    ],
    "l": [
      0.4331052601337433,
      0.3986466812115632
    ],
    "center": [
      0.5104939341545105,
      0.3838882491716719
    ],
    "r": [
      0.5712612271308899,
      0.32585330221597986
    ],
    "bl": [
      0.4402287006378174,
      0.5900879496359759
    ],
    "b": [
      0.5101072192192078,
      0.5631202307514843
    ],
    "br": [
      0.5642582178115845,
      0.5576066873204459
    ]
  },
  "axis_flip": {
    "x": false,
    "y": false
  },
  "map_x": {
    "L": 0.4331052601337433,
    "C": 0.5101072192192078,
    "R": 0.5712612271308899
  },
  "map_y": {
    "T": 0.2818702307514843,
    "C": 0.3838882491716719,
    "B": 0.5631202307514843
  },
  "quality": {
    "tl": {
      "median_x": 0.42413759231567383,
      "median_y": 0.32856857776641846,
      "mad_x": 0.0018079578876495361,
      "mad_y": 0.0032216310501098633
    },
    "t": {
      "median_x": 0.5057156682014465,
      "median_y": 0.3235684931278229,
      "mad_x": 0.0014148950576782227,
      "mad_y": 0.0023784637451171875
    },
    "tr": {
      "median_x": 0.5931365489959717,
      "median_y": 0.2786318063735962,
      "mad_x": 0.0016617774963378906,
      "mad_y": 0.003967583179473877
    },
    "l": {
      "median_x": 0.4331052601337433,
      "median_y": 0.41802164912223816,
      "mad_x": 0.0015664398670196533,
      "mad_y": 0.0037578046321868896
    },
    "center": {
      "median_x": 0.5104939341545105,
      "median_y": 0.40608447790145874,
      "mad_x": 0.0014773011207580566,
      "mad_y": 0.004534661769866943
    },
    "r": {
      "median_x": 0.5712612271308899,
      "median_y": 0.3591436445713043,
      "mad_x": 0.0015563368797302246,
      "mad_y": 0.004216194152832031
    },
    "bl": {
      "median_x": 0.4402287006378174,
      "median_y": 0.5728664994239807,
      "mad_x": 0.0014399290084838867,
      "mad_y": 0.0048659443855285645
    },
    "b": {
      "median_x": 0.5101072192192078,
      "median_y": 0.5510540008544922,
      "mad_x": 0.0012788772583007812,
      "mad_y": 0.008957505226135254
    },
    "br": {
      "median_x": 0.5642582178115845,
      "median_y": 0.5465944409370422,
      "mad_x": 0.0020667314529418945,
      "mad_y": 0.012857139110565186
    }
  },
  "openness_comp": {
    "ref": 0.40550904038875524,
    "beta_y": -1.4224323704037796
  },
  "filter": {
    "min_cutoff": 0.8,
    "beta": 0.02,
    "d_cutoff": 1.0
  },
  "range": {
    "gx_min": 0.3941375923156738,
    "gx_max": 0.6231365489959717,
    "gy_min": 0.19631309537206607,
    "gy_max": 0.6200879496359759
  },
  "ml": {
    "ready": true,
    "user_id": "Lenovo",
    "model_file": "ml_model_Lenovo.npz",
    "feature_order": [
      "gx",
      "gy",
      "yaw",
      "pitch",
      "roll",
      "tz"
    ],
    "alpha": 0.5,
    "version": 1
  }
}