{
  "timestamp": "2026-02-11T07:29:59",
  "calib": {
    "tl": [
      0.46724557876586914,
      0.2888605296611786
    ],
    "tr": [
      0.5988193154335022,
      0.22447412088513374
    ],
    "bl": [
      0.4525240957736969,
      0.37701211124658585
    ],
    "br": [
      0.58254075050354,
      0.3923474922776222
    ],
    "t": [
      0.5296125411987305,
      0.27444449439644814
    ],
    "b": [
      0.5217757225036621,
      0.4081652332097292
    ],
    "l": [
      0.4560426026582718,
      0.3513404466211796
    ],
    "r": [
      0.604462206363678,
      0.24601234775036573
    ],
    "center": [
      0.5269006639719009,
      0.3276078701019287
    ]
  },
  "axis_flip": {
    "x": false,
    "y": false
  },
  "map_x": {
    "L": 0.4560426026582718,
    "C": 0.5269006639719009,
    "R": 0.5988193154335022
  },
  "map_y": {
    "T": 0.27444449439644814,
    "C": 0.3276078701019287,
    "B": 0.3923474922776222
  },
  "quality": {
    "p00": {
      "median_x": 0.46724557876586914,
      "median_y": 0.40347909927368164,
      "mad_x": 0.00496286153793335,
      "mad_y": 0.006183534860610962
    },
    "p01": {
      "median_x": 0.5124027729034424,
      "median_y": 0.3986297845840454,
      "mad_x": 0.003235459327697754,
      "mad_y": 0.0032740235328674316
    },
    "p02": {
      "median_x": 0.5468223094940186,
      "median_y": 0.39514803886413574,
      "mad_x": 0.0020557045936584473,
      "mad_y": 0.0021068602800369263
    },
    "p03": {
      "median_x": 0.5988193154335022,
      "median_y": 0.37404531240463257,
      "mad_x": 0.002040266990661621,
      "mad_y": 0.004021316766738892
    },
    "p10": {
      "median_x": 0.45553696155548096,
      "median_y": 0.4291679859161377,
      "mad_x": 0.0023195594549179077,
      "mad_y": 0.0023555755615234375
    },
    "p11": {
      "median_x": 0.5091833472251892,
      "median_y": 0.4149841070175171,
      "mad_x": 0.0016262531280517578,
      "mad_y": 0.0026072412729263306
    },
    "p12": {
      "median_x": 0.5486106872558594,
      "median_y": 0.4187130928039551,
      "mad_x": 0.001950770616531372,
      "mad_y": 0.005461364984512329
    },
    "p13": {
      "median_x": 0.6059396266937256,
      "median_y": 0.3677883446216583,
      "mad_x": 0.0023796558380126953,
      "mad_y": 0.004673317074775696
    },
    "p20": {
      "median_x": 0.4565482437610626,
      "median_y": 0.4349147081375122,
      "mad_x": 0.004079550504684448,
      "mad_y": 0.007637903094291687
    },
    "p21": {
      "median_x": 0.5040208101272583,
      "median_y": 0.42066246271133423,
      "mad_x": 0.0014020204544067383,
      "mad_y": 0.0023483633995056152
    },
    "p22": {
      "median_x": 0.5457878112792969,
      "median_y": 0.4304090142250061,
      "mad_x": 0.0016713738441467285,
      "mad_y": 0.0025850534439086914
    },
    "p23": {
      "median_x": 0.6029847860336304,
      "median_y": 0.3999943733215332,
      "mad_x": 0.0026384592056274414,
      "mad_y": 0.0027924180030822754
    },
    "p30": {
      "median_x": 0.4525240957736969,
      "median_y": 0.4437769651412964,
      "mad_x": 0.0022784024477005005,
      "mad_y": 0.0026742368936538696
    },
    "p31": {
      "median_x": 0.503015398979187,
      "median_y": 0.45266759395599365,
      "mad_x": 0.0021435320377349854,
      "mad_y": 0.00959344208240509
    },
    "p32": {
      "median_x": 0.5405360460281372,
      "median_y": 0.4633691906929016,
      "mad_x": 0.0027268826961517334,
      "mad_y": 0.0033005475997924805
    },
    "p33": {
      "median_x": 0.58254075050354,
      "median_y": 0.45078742504119873,
      "mad_x": 0.0024077296257019043,
      "mad_y": 0.0027353018522262573
    }
  },
  "openness_comp": {
    "ref": 0.36718207597732544,
    "beta_y": -0.6170509746826401
  },
  "filter": {
    "min_cutoff": 0.8,
    "beta": 0.02,
    "d_cutoff": 1.0
  },
  "range": {
    "gx_min": 0.4225240957736969,
    "gx_max": 0.6288193154335022,
    "gy_min": 0.19447412088513374,
    "gy_max": 0.42234749227762225
  }
}