{
  "timestamp": "2026-02-02T17:33:10",
  "calib": {
    "tl": [
      0.4278930723667145,
      0.6376155316829681
    ],
    "t": [
      0.5019174814224243,
      0.6354281902313232
    ],
    "tr": [
      0.5869574546813965,
      0.6169304847717285
    ],
    "l": [
      0.4330505132675171,
      0.6618832647800446
    ],
    "center": [
      0.4988292157649994,
      0.6544509828090668
    ],
    "r": [
      0.5744474530220032,
      0.6623116731643677
    ],
    "bl": [
      0.4291670024394989,
      0.6569603681564331
    ],
    "b": [
      0.4996063709259033,
      0.6890916526317596
    ],
    "br": [
      0.5746873021125793,
      0.7016918659210205
    ]
  },
  "axis_flip": {
    "x": false,
    "y": true
  },
  "map_x": null,
  "map_y": null,
  "quality": {
    "tl": {
      "median_x": 0.4278930723667145,
      "median_y": 0.36238446831703186,
      "mad_x": 0.001767665147781372,
      "mad_y": 0.010265201330184937
    },
    "t": {
      "median_x": 0.5019174814224243,
      "median_y": 0.36457180976867676,
      "mad_x": 0.001497030258178711,
      "mad_y": 0.0051329731941223145
    },
    "tr": {
      "median_x": 0.5869574546813965,
      "median_y": 0.3830695152282715,
      "mad_x": 0.0015254020690917969,
      "mad_y": 0.00958201289176941
    },
    "l": {
      "median_x": 0.4330505132675171,
      "median_y": 0.33811673521995544,
      "mad_x": 0.0029647648334503174,
      "mad_y": 0.009013473987579346
    },
    "center": {
      "median_x": 0.4988292157649994,
      "median_y": 0.3455490171909332,
      "mad_x": 0.0013802945613861084,
      "mad_y": 0.005004018545150757
    },
    "r": {
      "median_x": 0.5744474530220032,
      "median_y": 0.3376883268356323,
      "mad_x": 0.00197678804397583,
      "mad_y": 0.008548110723495483
    },
    "bl": {
      "median_x": 0.4291670024394989,
      "median_y": 0.3430396318435669,
      "mad_x": 0.0013640522956848145,
      "mad_y": 0.01144939661026001
    },
    "b": {
      "median_x": 0.4996063709259033,
      "median_y": 0.31090834736824036,
      "mad_x": 0.002049356698989868,
      "mad_y": 0.007334589958190918
    },
    "br": {
      "median_x": 0.5746873021125793,
      "median_y": 0.2983081340789795,
      "mad_x": 0.002191901206970215,
      "mad_y": 0.010235458612442017
    }
  },
  "openness_comp": {
    "ref": 0.33447155313882027,
    "beta_y": 0.780241125577695
  },
  "filter": {
    "min_cutoff": 0.8,
    "beta": 0.02,
    "d_cutoff": 1.0
  },
  "range": {
    "gx_min": 0.39789307236671445,
    "gx_max": 0.6169574546813965,
    "gy_min": 0.5869304847717285,
    "gy_max": 0.7316918659210205
  }
}