{
  "timestamp": "2026-02-15T20:26:29",
  "calib": {
    "tl": [
      0.4292296767234802,
      0.18230011080758168
    ],
    "t": [
      0.48722368478775024,
      0.16244578440320923
    ],
    "tr": [
      0.549268901348114,
      0.1314966112454406
    ],
    "l": [
      0.428803950548172,
      0.3133157046410633
    ],
    "center": [
      0.4812420606613159,
      0.2561256620944122
    ],
    "r": [
      0.541215181350708,
      0.23102195098595213
    ],
    "bl": [
      0.4267302453517914,
      0.4436957844032092
    ],
    "b": [
      0.47879862785339355,
      0.44627184567046735
    ],
    "br": [
      0.5428580045700073,
      0.3995533006496567
    ]
  },
  "axis_flip": {
    "x": false,
    "y": false
  },
  "map_x": {
    "L": 0.428803950548172,
    "C": 0.4812420606613159,
    "R": 0.5428580045700073
  },
  "map_y": {
    "T": 0.16244578440320923,
    "C": 0.2561256620944122,
    "B": 0.4436957844032092
  },
  "quality": {
    "tl": {
      "median_x": 0.4292296767234802,
      "median_y": 0.3326602578163147,
      "mad_x": 0.0019340217113494873,
      "mad_y": 0.0048171281814575195
    },
    "t": {
      "median_x": 0.48722368478775024,
      "median_y": 0.32220253348350525,
      "mad_x": 0.0016433000564575195,
      "mad_y": 0.007085740566253662
    },
    "tr": {
      "median_x": 0.549268901348114,
      "median_y": 0.305900901556015,
      "mad_x": 0.0026419758796691895,
      "mad_y": 0.0044553279876708984
    },
    "l": {
      "median_x": 0.428803950548172,
      "median_y": 0.40166914463043213,
      "mad_x": 0.002728104591369629,
      "mad_y": 0.01384696364402771
    },
    "center": {
      "median_x": 0.4812420606613159,
      "median_y": 0.37154585123062134,
      "mad_x": 0.0017004907131195068,
      "mad_y": 0.005577594041824341
    },
    "r": {
      "median_x": 0.541215181350708,
      "median_y": 0.3583231568336487,
      "mad_x": 0.0019614100456237793,
      "mad_y": 0.004339933395385742
    },
    "bl": {
      "median_x": 0.4267302453517914,
      "median_y": 0.47034329175949097,
      "mad_x": 0.002008199691772461,
      "mad_y": 0.007372796535491943
    },
    "b": {
      "median_x": 0.47879862785339355,
      "median_y": 0.47170016169548035,
      "mad_x": 0.0009351968765258789,
      "mad_y": 0.005656898021697998
    },
    "br": {
      "median_x": 0.5428580045700073,
      "median_y": 0.4470924437046051,
      "mad_x": 0.001529097557067871,
      "mad_y": 0.0040534138679504395
    }
  },
  "openness_comp": {
    "ref": 0.3765233121475938,
    "beta_y": -0.4754456354659226
  },
  "filter": {
    "min_cutoff": 0.8,
    "beta": 0.02,
    "d_cutoff": 1.0
  },
  "range": {
    "gx_min": 0.39673024535179136,
    "gx_max": 0.579268901348114,
    "gy_min": 0.1014966112454406,
    "gy_max": 0.47369578440320925
  },
  "ml": {
    "ready": true,
    "user_id": "Lenovo",
    "model_file": "ml_model_Lenovo.npz",
    "feature_order": [
      "gx",
      "gy",
      "yaw",
      "pitch",
      "roll",
      "tz"
    ],
    "alpha": 0.5,
    "version": 1
  }
}