{
  "timestamp": "2026-02-15T14:02:24",
  "calib": {
    "tl": [
      0.36225762963294983,
      0.24788956813681068
    ],
    "t": [
      0.4730898439884186,
      0.28049674535555424
    ],
    "tr": [
      0.5954546332359314,
      0.23432676903059485
    ],
    "l": [
      0.36773401498794556,
      0.3726365325092259
    ],
    "center": [
      0.4824942946434021,
      0.3667458125761317
    ],
    "r": [
      0.5912521481513977,
      0.3549023716132592
    ],
    "bl": [
      0.3874679505825043,
      0.5054710639234518
    ],
    "b": [
      0.4830663800239563,
      0.6393657714622629
    ],
    "br": [
      0.587358832359314,
      0.5291395681368107
    ]
  },
  "axis_flip": {
    "x": false,
    "y": false
  },
  "map_x": {
    "L": 0.36773401498794556,
    "C": 0.4824942946434021,
    "R": 0.5912521481513977
  },
  "map_y": {
    "T": 0.24788956813681068,
    "C": 0.3667458125761317,
    "B": 0.5291395681368107
  },
  "quality": {
    "tl": {
      "median_x": 0.36225762963294983,
      "median_y": 0.3413715064525604,
      "mad_x": 0.0035476386547088623,
      "mad_y": 0.004601329565048218
    },
    "t": {
      "median_x": 0.4730898439884186,
      "median_y": 0.36188802123069763,
      "mad_x": 0.003938823938369751,
      "mad_y": 0.0055727362632751465
    },
    "tr": {
      "median_x": 0.5954546332359314,
      "median_y": 0.3328377604484558,
      "mad_x": 0.003671884536743164,
      "mad_y": 0.004181176424026489
    },
    "l": {
      "median_x": 0.36773401498794556,
      "median_y": 0.4198625981807709,
      "mad_x": 0.0024479925632476807,
      "mad_y": 0.003407776355743408
    },
    "center": {
      "median_x": 0.4824942946434021,
      "median_y": 0.416156142950058,
      "mad_x": 0.002735644578933716,
      "mad_y": 0.0026685893535614014
    },
    "r": {
      "median_x": 0.5912521481513977,
      "median_y": 0.4087042212486267,
      "mad_x": 0.0028085708618164062,
      "mad_y": 0.0034207403659820557
    },
    "bl": {
      "median_x": 0.3874679505825043,
      "median_y": 0.5034424066543579,
      "mad_x": 0.003117203712463379,
      "mad_y": 0.006018221378326416
    },
    "b": {
      "median_x": 0.4830663800239563,
      "median_y": 0.5876892805099487,
      "mad_x": 0.003552258014678955,
      "mad_y": 0.0106581449508667
    },
    "br": {
      "median_x": 0.587358832359314,
      "median_y": 0.518334686756134,
      "mad_x": 0.0034238696098327637,
      "mad_y": 0.008559882640838623
    }
  },
  "openness_comp": {
    "ref": 0.3744414992526848,
    "beta_y": 0.2727517654626392
  },
  "filter": {
    "min_cutoff": 0.8,
    "beta": 0.02,
    "d_cutoff": 1.0
  },
  "range": {
    "gx_min": 0.3322576296329498,
    "gx_max": 0.6254546332359314,
    "gy_min": 0.20432676903059485,
    "gy_max": 0.5591395681368108
  }
}