{
  "timestamp": "2026-02-14T11:43:40",
  "calib": {
    "tl": [
      0.4330797791481018,
      0.16703293845057487
    ],
    "t": [
      0.5032156705856323,
      0.13831749744713306
    ],
    "tr": [
      0.5998216271400452,
      0.09968287497758865
    ],
    "l": [
      0.43427300453186035,
      0.23674043081700802
    ],
    "center": [
      0.5104300379753113,
      0.21877439878880978
    ],
    "r": [
      0.5859051942825317,
      0.21737204119563103
    ],
    "bl": [
      0.4376777112483978,
      0.3982873186469078
    ],
    "b": [
      0.5022491216659546,
      0.3998364247381687
    ],
    "br": [
      0.5763862729072571,
      0.39011392928659916
    ]
  },
  "axis_flip": {
    "x": false,
    "y": false
  },
  "map_x": {
    "L": 0.43427300453186035,
    "C": 0.5032156705856323,
    "R": 0.5859051942825317
  },
  "map_y": {
    "T": 0.13831749744713306,
    "C": 0.21877439878880978,
    "B": 0.3982873186469078
  },
  "quality": {
    "tl": {
      "median_x": 0.4330797791481018,
      "median_y": 0.34778648614883423,
      "mad_x": 0.002657651901245117,
      "mad_y": 0.004246324300765991
    },
    "t": {
      "median_x": 0.5032156705856323,
      "median_y": 0.3346594274044037,
      "mad_x": 0.0013042092323303223,
      "mad_y": 0.006967008113861084
    },
    "tr": {
      "median_x": 0.5998216271400452,
      "median_y": 0.3169978857040405,
      "mad_x": 0.004132568836212158,
      "mad_y": 0.004250973463058472
    },
    "l": {
      "median_x": 0.43427300453186035,
      "median_y": 0.3796527683734894,
      "mad_x": 0.00113755464553833,
      "mad_y": 0.004642784595489502
    },
    "center": {
      "median_x": 0.5104300379753113,
      "median_y": 0.37143972516059875,
      "mad_x": 0.0017597079277038574,
      "mad_y": 0.008641809225082397
    },
    "r": {
      "median_x": 0.5859051942825317,
      "median_y": 0.37079864740371704,
      "mad_x": 0.0032221078872680664,
      "mad_y": 0.005910634994506836
    },
    "bl": {
      "median_x": 0.4376777112483978,
      "median_y": 0.4535027742385864,
      "mad_x": 0.001785188913345337,
      "mad_y": 0.007814407348632812
    },
    "b": {
      "median_x": 0.5022491216659546,
      "median_y": 0.45421093702316284,
      "mad_x": 0.0022242069244384766,
      "mad_y": 0.006636828184127808
    },
    "br": {
      "median_x": 0.5763862729072571,
      "median_y": 0.4497663676738739,
      "mad_x": 0.001548469066619873,
      "mad_y": 0.009216457605361938
    }
  },
  "openness_comp": {
    "ref": 0.33765708514489595,
    "beta_y": 0.4009943464076395
  },
  "filter": {
    "min_cutoff": 0.8,
    "beta": 0.02,
    "d_cutoff": 1.0
  },
  "range": {
    "gx_min": 0.4030797791481018,
    "gx_max": 0.6298216271400452,
    "gy_min": 0.06968287497758865,
    "gy_max": 0.42828731864690783
  }
}