{
  "timestamp": "2026-02-15T08:02:04",
  "calib": {
    "tl": [
      0.441467821598053,
      0.3270893054348082
    ],
    "t": [
      0.5068075656890869,
      0.33974056603773584
    ],
    "tr": [
      0.5951944589614868,
      0.23836854915137423
    ],
    "l": [
      0.44453853368759155,
      0.44550124533001245
    ],
    "center": [
      0.5085018873214722,
      0.4662488643216868
    ],
    "r": [
      0.5791135430335999,
      0.34245429873822225
    ],
    "bl": [
      0.4617832601070404,
      0.6389441716205737
    ],
    "b": [
      0.5248150825500488,
      0.6083393054348081
    ],
    "br": [
      0.5781794786453247,
      0.5785285329385872
    ]
  },
  "axis_flip": {
    "x": false,
    "y": false
  },
  "map_x": {
    "L": 0.44453853368759155,
    "C": 0.5085018873214722,
    "R": 0.5791135430335999
  },
  "map_y": {
    "T": 0.3270893054348082,
    "C": 0.44550124533001245,
    "B": 0.6083393054348081
  },
  "quality": {
    "tl": {
      "median_x": 0.441467821598053,
      "median_y": 0.39473000168800354,
      "mad_x": 0.001943051815032959,
      "mad_y": 0.0050362348556518555
    },
    "t": {
      "median_x": 0.5068075656890869,
      "median_y": 0.40243223309516907,
      "mad_x": 0.002469182014465332,
      "mad_y": 0.007014036178588867
    },
    "tr": {
      "median_x": 0.5951944589614868,
      "median_y": 0.34071579575538635,
      "mad_x": 0.002274751663208008,
      "mad_y": 0.006258547306060791
    },
    "l": {
      "median_x": 0.44453853368759155,
      "median_y": 0.46682053804397583,
      "mad_x": 0.0029431283473968506,
      "mad_y": 0.0077738165855407715
    },
    "center": {
      "median_x": 0.5085018873214722,
      "median_y": 0.4794519245624542,
      "mad_x": 0.0020690560340881348,
      "mad_y": 0.010544657707214355
    },
    "r": {
      "median_x": 0.5791135430335999,
      "median_y": 0.40408438444137573,
      "mad_x": 0.0034924745559692383,
      "mad_y": 0.013416916131973267
    },
    "bl": {
      "median_x": 0.4617832601070404,
      "median_y": 0.5845907926559448,
      "mad_x": 0.002866089344024658,
      "mad_y": 0.007515370845794678
    },
    "b": {
      "median_x": 0.5248150825500488,
      "median_y": 0.5659582018852234,
      "mad_x": 0.00326615571975708,
      "mad_y": 0.00681149959564209
    },
    "br": {
      "median_x": 0.5781794786453247,
      "median_y": 0.5478090643882751,
      "mad_x": 0.0018959641456604004,
      "mad_y": 0.006841421127319336
    }
  },
  "openness_comp": {
    "ref": 0.3339478170017548,
    "beta_y": -0.4327516262447072
  },
  "filter": {
    "min_cutoff": 0.8,
    "beta": 0.02,
    "d_cutoff": 1.0
  },
  "range": {
    "gx_min": 0.41146782159805295,
    "gx_max": 0.6251944589614868,
    "gy_min": 0.20836854915137423,
    "gy_max": 0.6689441716205737
  }
}