{
  "timestamp": "2026-02-15T17:02:27",
  "calib": {
    "tl": [
      0.3841148912906647,
      0.2139558753858738
    ],
    "t": [
      0.44875219464302063,
      0.26026818975042404
    ],
    "tr": [
      0.5928510427474976,
      0.16496426924929236
    ],
    "l": [
      0.3661196231842041,
      0.34807697330495346
    ],
    "center": [
      0.4547334909439087,
      0.3958190408043698
    ],
    "r": [
      0.5859943628311157,
      0.33639732077315687
    ],
    "bl": [
      0.40208905935287476,
      0.4952058753858738
    ],
    "b": [
      0.482675701379776,
      0.44647982239564477
    ],
    "br": [
      0.5356650352478027,
      0.9804278149209298
    ]
  },
  "axis_flip": {
    "x": false,
    "y": false
  },
  "map_x": {
    "L": 0.3841148912906647,
    "C": 0.4547334909439087,
    "R": 0.5859943628311157
  },
  "map_y": {
    "T": 0.2139558753858738,
    "C": 0.34807697330495346,
    "B": 0.4952058753858738
  },
  "quality": {
    "tl": {
      "median_x": 0.3841148912906647,
      "median_y": 0.3453648090362549,
      "mad_x": 0.007949411869049072,
      "mad_y": 0.006825745105743408
    },
    "t": {
      "median_x": 0.44875219464302063,
      "median_y": 0.37040120363235474,
      "mad_x": 0.004146784543991089,
      "mad_y": 0.005729079246520996
    },
    "tr": {
      "median_x": 0.5928510427474976,
      "median_y": 0.31887999176979065,
      "mad_x": 0.005816400051116943,
      "mad_y": 0.006127685308456421
    },
    "l": {
      "median_x": 0.3661196231842041,
      "median_y": 0.41787055134773254,
      "mad_x": 0.003678262233734131,
      "mad_y": 0.007994472980499268
    },
    "center": {
      "median_x": 0.4547334909439087,
      "median_y": 0.4436798691749573,
      "mad_x": 0.004266500473022461,
      "mad_y": 0.007519155740737915
    },
    "r": {
      "median_x": 0.5859943628311157,
      "median_y": 0.41155654191970825,
      "mad_x": 0.005363762378692627,
      "mad_y": 0.00943458080291748
    },
    "bl": {
      "median_x": 0.40208905935287476,
      "median_y": 0.49740830063819885,
      "mad_x": 0.004152655601501465,
      "mad_y": 0.010175198316574097
    },
    "b": {
      "median_x": 0.482675701379776,
      "median_y": 0.47106704115867615,
      "mad_x": 0.0058370232582092285,
      "mad_y": 0.013056576251983643
    },
    "br": {
      "median_x": 0.5356650352478027,
      "median_y": 0.7597188353538513,
      "mad_x": 0.01377195119857788,
      "mad_y": 0.011408448219299316
    }
  },
  "openness_comp": {
    "ref": 0.3499132061317517,
    "beta_y": 0.20166268895477796
  },
  "filter": {
    "min_cutoff": 0.8,
    "beta": 0.02,
    "d_cutoff": 1.0
  },
  "range": {
    "gx_min": 0.35411489129066465,
    "gx_max": 0.6228510427474976,
    "gy_min": 0.13496426924929236,
    "gy_max": 1.0
  }
}