{
  "timestamp": "2026-02-02T18:23:41",
  "calib": {
    "tl": [
      0.4634341299533844,
      0.559822928160429
    ],
    "t": [
      0.5212998390197754,
      0.4737258907407522
    ],
    "tr": [
      0.5751310586929321,
      0.4327612202614546
    ],
    "l": [
      0.44572389125823975,
      0.5414884276688099
    ],
    "center": [
      0.499246746301651,
      0.48365106992423534
    ],
    "r": [
      0.5693694949150085,
      0.44932932779192924
    ],
    "bl": [
      0.4447800815105438,
      0.5461624749004841
    ],
    "b": [
      0.49810540676116943,
      0.4919091444462538
    ],
    "br": [
      0.5624145865440369,
      0.47183119878172874
    ]
  },
  "axis_flip": {
    "x": false,
    "y": false
  },
  "map_x": null,
  "map_y": null,
  "quality": {
    "tl": {
      "median_x": 0.4634341299533844,
      "median_y": 0.5273476243019104,
      "mad_x": 0.002360403537750244,
      "mad_y": 0.0020270943641662598
    },
    "t": {
      "median_x": 0.5212998390197754,
      "median_y": 0.48798897862434387,
      "mad_x": 0.0034257173538208008,
      "mad_y": 0.0038634538650512695
    },
    "tr": {
      "median_x": 0.5751310586929321,
      "median_y": 0.4692622721195221,
      "mad_x": 0.003246605396270752,
      "mad_y": 0.005368322134017944
    },
    "l": {
      "median_x": 0.44572389125823975,
      "median_y": 0.5189661383628845,
      "mad_x": 0.0020608603954315186,
      "mad_y": 0.0031341910362243652
    },
    "center": {
      "median_x": 0.499246746301651,
      "median_y": 0.49252620339393616,
      "mad_x": 0.0012881159782409668,
      "mad_y": 0.0020912587642669678
    },
    "r": {
      "median_x": 0.5693694949150085,
      "median_y": 0.47683626413345337,
      "mad_x": 0.001371145248413086,
      "mad_y": 0.0025689303874969482
    },
    "bl": {
      "median_x": 0.4447800815105438,
      "median_y": 0.5211028456687927,
      "mad_x": 0.0032249093055725098,
      "mad_y": 0.0022559762001037598
    },
    "b": {
      "median_x": 0.49810540676116943,
      "median_y": 0.4963013231754303,
      "mad_x": 0.0019569993019104004,
      "mad_y": 0.002261251211166382
    },
    "br": {
      "median_x": 0.5624145865440369,
      "median_y": 0.4871228337287903,
      "mad_x": 0.0017742514610290527,
      "mad_y": 0.0026583969593048096
    }
  },
  "openness_comp": {
    "ref": 0.4030548604322226,
    "beta_y": -0.13368655751865158
  },
  "filter": {
    "min_cutoff": 0.8,
    "beta": 0.02,
    "d_cutoff": 1.0
  },
  "range": {
    "gx_min": 0.4147800815105438,
    "gx_max": 0.6051310586929322,
    "gy_min": 0.40276122026145456,
    "gy_max": 0.5761624749004841
  }
}