{
  "timestamp": "2026-02-14T15:32:47",
  "calib": {
    "tl": [
      0.4603501856327057,
      0.07706580869853497
    ],
    "t": [
      0.4518446922302246,
      0.0
    ],
    "tr": [
      0.5929839611053467,
      0.0
    ],
    "l": [
      0.3874213993549347,
      0.0
    ],
    "center": [
      0.49049362540245056,
      0.0539071224629879
    ],
    "r": [
      0.5436210632324219,
      0.0343254879117012
    ],
    "bl": [
      0.39238107204437256,
      0.007591314613819122
    ],
    "b": [
      0.4794778525829315,
      0.08082794211804867
    ],
    "br": [
      0.5547161102294922,
      0.09078878164291382
    ]
  },
  "axis_flip": {
    "x": false,
    "y": false
  },
  "map_x": null,
  "map_y": null,
  "quality": {
    "tl": {
      "median_x": 0.4603501856327057,
      "median_y": 0.30665865540504456,
      "mad_x": 0.004808515310287476,
      "mad_y": 0.014899760484695435
    },
    "t": {
      "median_x": 0.4518446922302246,
      "median_y": 0.2353505790233612,
      "mad_x": 0.004194349050521851,
      "mad_y": 0.010317981243133545
    },
    "tr": {
      "median_x": 0.5929839611053467,
      "median_y": 0.2585817873477936,
      "mad_x": 0.002551436424255371,
      "mad_y": 0.009258821606636047
    },
    "l": {
      "median_x": 0.3874213993549347,
      "median_y": 0.24475723505020142,
      "mad_x": 0.00409311056137085,
      "mad_y": 0.010475188493728638
    },
    "center": {
      "median_x": 0.49049362540245056,
      "median_y": 0.2960718274116516,
      "mad_x": 0.006340205669403076,
      "mad_y": 0.010240316390991211
    },
    "r": {
      "median_x": 0.5436210632324219,
      "median_y": 0.2871202230453491,
      "mad_x": 0.0029200315475463867,
      "mad_y": 0.004993081092834473
    },
    "bl": {
      "median_x": 0.39238107204437256,
      "median_y": 0.274898886680603,
      "mad_x": 0.0033225715160369873,
      "mad_y": 0.008383512496948242
    },
    "b": {
      "median_x": 0.4794778525829315,
      "median_y": 0.3083784878253937,
      "mad_x": 0.0028016269207000732,
      "mad_y": 0.0066907405853271484
    },
    "br": {
      "median_x": 0.5547161102294922,
      "median_y": 0.31293201446533203,
      "mad_x": 0.0030565857887268066,
      "mad_y": 0.007876187562942505
    }
  },
  "openness_comp": {
    "ref": 0.42957582074316153,
    "beta_y": -0.2095187215465783
  },
  "filter": {
    "min_cutoff": 0.8,
    "beta": 0.02,
    "d_cutoff": 1.0
  },
  "range": {
    "gx_min": 0.36238107204437253,
    "gx_max": 0.6229839611053467,
    "gy_min": 0.0,
    "gy_max": 0.12078878164291382
  }
}