{
  "timestamp": "2026-02-15T22:48:49",
  "calib": {
    "tl": [
      0.44234031438827515,
      0.233100486576525
    ],
    "t": [
      0.5010667443275452,
      0.2806394859154647
    ],
    "tr": [
      0.5779203772544861,
      0.2313416213831901
    ],
    "l": [
      0.4353230595588684,
      0.29972734030586234
    ],
    "center": [
      0.5037064552307129,
      0.395735421362652
    ],
    "r": [
      0.5670987367630005,
      0.3409263707393716
    ],
    "bl": [
      0.42632541060447693,
      0.5974944947353596
    ],
    "b": [
      0.4859991669654846,
      0.5143504865765249
    ],
    "br": [
      0.5630608201026917,
      0.48535004610006954
    ]
  },
  "axis_flip": {
    "x": false,
    "y": false
  },
  "map_x": {
    "L": 0.4353230595588684,
    "C": 0.5010667443275452,
    "R": 0.5670987367630005
  },
  "map_y": {
    "T": 0.233100486576525,
    "C": 0.3409263707393716,
    "B": 0.5143504865765249
  },
  "quality": {
    "tl": {
      "median_x": 0.44234031438827515,
      "median_y": 0.2953721582889557,
      "mad_x": 0.002176046371459961,
      "mad_y": 0.003937810659408569
    },
    "t": {
      "median_x": 0.5010667443275452,
      "median_y": 0.3318195939064026,
      "mad_x": 0.0008726716041564941,
      "mad_y": 0.005717426538467407
    },
    "tr": {
      "median_x": 0.5779203772544861,
      "median_y": 0.29402366280555725,
      "mad_x": 0.0038067102432250977,
      "mad_y": 0.006682097911834717
    },
    "l": {
      "median_x": 0.4353230595588684,
      "median_y": 0.3464539647102356,
      "mad_x": 0.0020088255405426025,
      "mad_y": 0.009656071662902832
    },
    "center": {
      "median_x": 0.5037064552307129,
      "median_y": 0.4200619161128998,
      "mad_x": 0.0018357038497924805,
      "mad_y": 0.007797032594680786
    },
    "r": {
      "median_x": 0.5670987367630005,
      "median_y": 0.3780406415462494,
      "mad_x": 0.002326071262359619,
      "mad_y": 0.00682377815246582
    },
    "bl": {
      "median_x": 0.42632541060447693,
      "median_y": 0.5747475624084473,
      "mad_x": 0.0022995471954345703,
      "mad_y": 0.007470071315765381
    },
    "b": {
      "median_x": 0.4859991669654846,
      "median_y": 0.5110023021697998,
      "mad_x": 0.0016126930713653564,
      "mad_y": 0.0031213760375976562
    },
    "br": {
      "median_x": 0.5630608201026917,
      "median_y": 0.4887681007385254,
      "mad_x": 0.0017490386962890625,
      "mad_y": 0.007363766431808472
    }
  },
  "openness_comp": {
    "ref": 0.3428562699472836,
    "beta_y": -1.336717405985373
  },
  "filter": {
    "min_cutoff": 0.8,
    "beta": 0.02,
    "d_cutoff": 1.0
  },
  "range": {
    "gx_min": 0.3963254106044769,
    "gx_max": 0.6079203772544861,
    "gy_min": 0.2013416213831901,
    "gy_max": 0.6274944947353597
  },
  "ml": {
    "ready": true,
    "user_id": "Lenovo",
    "model_file": "ml_model_Lenovo.npz",
    "feature_order": [
      "gx",
      "gy",
      "yaw",
      "pitch",
      "roll",
      "tz"
    ],
    "alpha": 0.5,
    "version": 1
  }
}