{
  "timestamp": "2026-02-03T23:15:10",
  "calib": {
    "tl": [
      0.4581940174102783,
      0.3485060688108206
    ],
    "t": [
      0.5103753209114075,
      0.3212282545864582
    ],
    "tr": [
      0.5823777914047241,
      0.21732966601848602
    ],
    "l": [
      0.4545761048793793,
      0.40340148098766804
    ],
    "center": [
      0.5144039392471313,
      0.3570586182177067
    ],
    "r": [
      0.5874651074409485,
      0.2582939453423023
    ],
    "bl": [
      0.45905566215515137,
      0.5112281180918217
    ],
    "b": [
      0.5181451439857483,
      0.4743511527776718
    ],
    "br": [
      0.5689136385917664,
      0.4306807294487953
    ]
  },
  "axis_flip": {
    "x": false,
    "y": false
  },
  "map_x": null,
  "map_y": null,
  "quality": {
    "tl": {
      "median_x": 0.4581940174102783,
      "median_y": 0.4307456314563751,
      "mad_x": 0.005322545766830444,
      "mad_y": 0.011401563882827759
    },
    "t": {
      "median_x": 0.5103753209114075,
      "median_y": 0.41827577352523804,
      "mad_x": 0.0017505288124084473,
      "mad_y": 0.009132087230682373
    },
    "tr": {
      "median_x": 0.5823777914047241,
      "median_y": 0.37077927589416504,
      "mad_x": 0.003436744213104248,
      "mad_y": 0.004865139722824097
    },
    "l": {
      "median_x": 0.4545761048793793,
      "median_y": 0.45584067702293396,
      "mad_x": 0.0019735097885131836,
      "mad_y": 0.005923151969909668
    },
    "center": {
      "median_x": 0.5144039392471313,
      "median_y": 0.4346553683280945,
      "mad_x": 0.0031475424766540527,
      "mad_y": 0.004862159490585327
    },
    "r": {
      "median_x": 0.5874651074409485,
      "median_y": 0.3895058035850525,
      "mad_x": 0.0034881234169006348,
      "mad_y": 0.004213780164718628
    },
    "bl": {
      "median_x": 0.45905566215515137,
      "median_y": 0.5051328539848328,
      "mad_x": 0.002205371856689453,
      "mad_y": 0.006513357162475586
    },
    "b": {
      "median_x": 0.5181451439857483,
      "median_y": 0.48827481269836426,
      "mad_x": 0.0016837716102600098,
      "mad_y": 0.006804049015045166
    },
    "br": {
      "median_x": 0.5689136385917664,
      "median_y": 0.4683111906051636,
      "mad_x": 0.0019478201866149902,
      "mad_y": 0.0109175443649292
    }
  },
  "openness_comp": {
    "ref": 0.36513606968645607,
    "beta_y": 0.20125759491985168
  },
  "filter": {
    "min_cutoff": 0.8,
    "beta": 0.02,
    "d_cutoff": 1.0
  },
  "range": {
    "gx_min": 0.4281940174102783,
    "gx_max": 0.6123777914047241,
    "gy_min": 0.18732966601848602,
    "gy_max": 0.5412281180918217
  }
}