{
  "timestamp": "2026-02-12T15:49:34",
  "calib": {
    "tl": [
      0.42482590675354004,
      0.3535780631107223
    ],
    "t": [
      0.5027250051498413,
      0.3562508323172445
    ],
    "tr": [
      0.5757604241371155,
      0.2902195164190994
    ],
    "l": [
      0.430401086807251,
      0.4393351258952374
    ],
    "center": [
      0.4893631935119629,
      0.4604478836539613
    ],
    "r": [
      0.5661057829856873,
      0.3989421782337892
    ],
    "bl": [
      0.43381643295288086,
      0.6075250412951528
    ],
    "b": [
      0.4888280928134918,
      0.67815613171932
    ],
    "br": [
      0.546747624874115,
      0.6348280631107224
    ]
  },
  "axis_flip": {
    "x": false,
    "y": false
  },
  "map_x": {
    "L": 0.430401086807251,
    "C": 0.4893631935119629,
    "R": 0.5661057829856873
  },
  "map_y": {
    "T": 0.3535780631107223,
    "C": 0.4393351258952374,
    "B": 0.6348280631107224
  },
  "quality": {
    "tl": {
      "median_x": 0.42482590675354004,
      "median_y": 0.4238039255142212,
      "mad_x": 0.0013664066791534424,
      "mad_y": 0.002557516098022461
    },
    "t": {
      "median_x": 0.5027250051498413,
      "median_y": 0.42519479990005493,
      "mad_x": 0.0013802051544189453,
      "mad_y": 0.0035445988178253174
    },
    "tr": {
      "median_x": 0.5757604241371155,
      "median_y": 0.39083296060562134,
      "mad_x": 0.002608656883239746,
      "mad_y": 0.004184216260910034
    },
    "l": {
      "median_x": 0.430401086807251,
      "median_y": 0.4684307873249054,
      "mad_x": 0.0015867948532104492,
      "mad_y": 0.005301773548126221
    },
    "center": {
      "median_x": 0.4893631935119629,
      "median_y": 0.4794175922870636,
      "mad_x": 0.0014725923538208008,
      "mad_y": 0.002634406089782715
    },
    "r": {
      "median_x": 0.5661057829856873,
      "median_y": 0.44741082191467285,
      "mad_x": 0.002564549446105957,
      "mad_y": 0.006108373403549194
    },
    "bl": {
      "median_x": 0.43381643295288086,
      "median_y": 0.55595463514328,
      "mad_x": 0.002460956573486328,
      "mad_y": 0.008170545101165771
    },
    "b": {
      "median_x": 0.4888280928134918,
      "median_y": 0.5927101373672485,
      "mad_x": 0.0027904510498046875,
      "mad_y": 0.01339346170425415
    },
    "br": {
      "median_x": 0.546747624874115,
      "median_y": 0.5701627731323242,
      "mad_x": 0.0018358230590820312,
      "mad_y": 0.008162438869476318
    }
  },
  "openness_comp": {
    "ref": 0.3216647825941682,
    "beta_y": -0.40723967867677346
  },
  "filter": {
    "min_cutoff": 0.8,
    "beta": 0.02,
    "d_cutoff": 1.0
  },
  "range": {
    "gx_min": 0.39482590675354,
    "gx_max": 0.6057604241371155,
    "gy_min": 0.26021951641909935,
    "gy_max": 0.6648280631107224
  }
}