{
  "timestamp": "2026-02-15T23:42:59",
  "calib": {
    "tl": [
      0.412353515625,
      0.07209656946361065
    ],
    "t": [
      0.513900637626648,
      0.09668701514601707
    ],
    "tr": [
      0.5863854885101318,
      0.07679173909127712
    ],
    "l": [
      0.4204636812210083,
      0.16646680608391762
    ],
    "center": [
      0.5067465305328369,
      0.2208612784743309
    ],
    "r": [
      0.5854307413101196,
      0.15002569369971752
    ],
    "bl": [
      0.4182511270046234,
      0.34947919845581055
    ],
    "b": [
      0.5071023106575012,
      0.3696986772119999
    ],
    "br": [
      0.5793972611427307,
      0.2820059861987829
    ]
  },
  "axis_flip": {
    "x": false,
    "y": false
  },
  "map_x": {
    "L": 0.4182511270046234,
    "C": 0.5071023106575012,
    "R": 0.5854307413101196
  },
  "map_y": {
    "T": 0.07679173909127712,
    "C": 0.16646680608391762,
    "B": 0.34947919845581055
  },
  "quality": {
    "tl": {
      "median_x": 0.412353515625,
      "median_y": 0.30438700318336487,
      "mad_x": 0.005382269620895386,
      "mad_y": 0.007532864809036255
    },
    "t": {
      "median_x": 0.513900637626648,
      "median_y": 0.3156283497810364,
      "mad_x": 0.002953767776489258,
      "mad_y": 0.006508290767669678
    },
    "tr": {
      "median_x": 0.5863854885101318,
      "median_y": 0.3065333664417267,
      "mad_x": 0.004486382007598877,
      "mad_y": 0.00905609130859375
    },
    "l": {
      "median_x": 0.4204636812210083,
      "median_y": 0.3475276827812195,
      "mad_x": 0.006966739892959595,
      "mad_y": 0.01017710566520691
    },
    "center": {
      "median_x": 0.5067465305328369,
      "median_y": 0.37239372730255127,
      "mad_x": 0.004147827625274658,
      "mad_y": 0.014023125171661377
    },
    "r": {
      "median_x": 0.5854307413101196,
      "median_y": 0.34001174569129944,
      "mad_x": 0.0032945871353149414,
      "mad_y": 0.011877059936523438
    },
    "bl": {
      "median_x": 0.4182511270046234,
      "median_y": 0.43119049072265625,
      "mad_x": 0.003550410270690918,
      "mad_y": 0.010730177164077759
    },
    "b": {
      "median_x": 0.5071023106575012,
      "median_y": 0.44043368101119995,
      "mad_x": 0.0014058947563171387,
      "mad_y": 0.006049007177352905
    },
    "br": {
      "median_x": 0.5793972611427307,
      "median_y": 0.4003455936908722,
      "mad_x": 0.0039778947830200195,
      "mad_y": 0.005617618560791016
    }
  },
  "openness_comp": {
    "ref": 0.4134565289309265,
    "beta_y": -0.5501596544100541
  },
  "filter": {
    "min_cutoff": 0.8,
    "beta": 0.02,
    "d_cutoff": 1.0
  },
  "range": {
    "gx_min": 0.382353515625,
    "gx_max": 0.6163854885101319,
    "gy_min": 0.04209656946361065,
    "gy_max": 0.3794791984558106
  },
  "ml": {
    "ready": true,
    "user_id": "Lenovo",
    "model_file": "ml_model_Lenovo.npz",
    "feature_order": [
      "gx",
      "gy",
      "yaw",
      "pitch",
      "roll",
      "tz"
    ],
    "alpha": 0.5,
    "version": 1
  }
}