{
  "timestamp": "2026-02-15T22:01:05",
  "calib": {
    "tl": [
      0.4448259472846985,
      0.2524741658474837
    ],
    "t": [
      0.49523264169692993,
      0.22484872930972344
    ],
    "tr": [
      0.5576366782188416,
      0.20951723499285763
    ],
    "l": [
      0.44508588314056396,
      0.3245938903567672
    ],
    "center": [
      0.5031138062477112,
      0.3481495123530433
    ],
    "r": [
      0.5647570490837097,
      0.3084133575917754
    ],
    "bl": [
      0.43683868646621704,
      0.5776761970097997
    ],
    "b": [
      0.4967219829559326,
      0.5060987293097234
    ],
    "br": [
      0.5623728632926941,
      0.445776560878767
    ]
  },
  "axis_flip": {
    "x": false,
    "y": false
  },
  "map_x": {
    "L": 0.4448259472846985,
    "C": 0.4967219829559326,
    "R": 0.5623728632926941
  },
  "map_y": {
    "T": 0.22484872930972344,
    "C": 0.3245938903567672,
    "B": 0.5060987293097234
  },
  "quality": {
    "tl": {
      "median_x": 0.4448259472846985,
      "median_y": 0.32888928055763245,
      "mad_x": 0.002948939800262451,
      "mad_y": 0.006766676902770996
    },
    "t": {
      "median_x": 0.49523264169692993,
      "median_y": 0.30979225039482117,
      "mad_x": 0.0020607411861419678,
      "mad_y": 0.007461339235305786
    },
    "tr": {
      "median_x": 0.5576366782188416,
      "median_y": 0.2991938292980194,
      "mad_x": 0.0036202669143676758,
      "mad_y": 0.013278484344482422
    },
    "l": {
      "median_x": 0.44508588314056396,
      "median_y": 0.378744512796402,
      "mad_x": 0.0026376843452453613,
      "mad_y": 0.007492274045944214
    },
    "center": {
      "median_x": 0.5031138062477112,
      "median_y": 0.39502814412117004,
      "mad_x": 0.0015379786491394043,
      "mad_y": 0.012382864952087402
    },
    "r": {
      "median_x": 0.5647570490837097,
      "median_y": 0.36755916476249695,
      "mad_x": 0.001648545265197754,
      "mad_y": 0.004276275634765625
    },
    "bl": {
      "median_x": 0.43683868646621704,
      "median_y": 0.55369633436203,
      "mad_x": 0.0021744966506958008,
      "mad_y": 0.01189279556274414
    },
    "b": {
      "median_x": 0.4967219829559326,
      "median_y": 0.5042159557342529,
      "mad_x": 0.0009287595748901367,
      "mad_y": 0.006348073482513428
    },
    "br": {
      "median_x": 0.5623728632926941,
      "median_y": 0.462516188621521,
      "mad_x": 0.0009900331497192383,
      "mad_y": 0.00907808542251587
    }
  },
  "openness_comp": {
    "ref": 0.3947693021257618,
    "beta_y": -0.792104865073354
  },
  "filter": {
    "min_cutoff": 0.8,
    "beta": 0.02,
    "d_cutoff": 1.0
  },
  "range": {
    "gx_min": 0.406838686466217,
    "gx_max": 0.5923728632926941,
    "gy_min": 0.17951723499285763,
    "gy_max": 0.6076761970097997
  },
  "ml": {
    "ready": true,
    "user_id": "Lenovo",
    "model_file": "ml_model_Lenovo.npz",
    "feature_order": [
      "gx",
      "gy",
      "yaw",
      "pitch",
      "roll",
      "tz"
    ],
    "alpha": 0.5,
    "version": 1
  }
}