{
  "timestamp": "2026-02-15T08:31:36",
  "calib": {
    "tl": [
      0.4458995461463928,
      0.28105532811199324
    ],
    "t": [
      0.5235387682914734,
      0.28503167736790114
    ],
    "tr": [
      0.6098371148109436,
      0.21726169357446667
    ],
    "l": [
      0.4443286657333374,
      0.3799642349295924
    ],
    "center": [
      0.5254256725311279,
      0.3862549665469127
    ],
    "r": [
      0.5995357036590576,
      0.337238961109361
    ],
    "bl": [
      0.4421234428882599,
      0.5919897083888404
    ],
    "b": [
      0.5296114087104797,
      0.5614772019269202
    ],
    "br": [
      0.5943069458007812,
      0.5623053281119933
    ]
  },
  "axis_flip": {
    "x": false,
    "y": false
  },
  "map_x": {
    "L": 0.4443286657333374,
    "C": 0.5254256725311279,
    "R": 0.5995357036590576
  },
  "map_y": {
    "T": 0.28105532811199324,
    "C": 0.3799642349295924,
    "B": 0.5623053281119933
  },
  "quality": {
    "tl": {
      "median_x": 0.4458995461463928,
      "median_y": 0.3504192531108856,
      "mad_x": 0.0024351775646209717,
      "mad_y": 0.007126539945602417
    },
    "t": {
      "median_x": 0.5235387682914734,
      "median_y": 0.3531358540058136,
      "mad_x": 0.002928614616394043,
      "mad_y": 0.002810537815093994
    },
    "tr": {
      "median_x": 0.6098371148109436,
      "median_y": 0.3068360984325409,
      "mad_x": 0.004440426826477051,
      "mad_y": 0.0068360865116119385
    },
    "l": {
      "median_x": 0.4443286657333374,
      "median_y": 0.41799280047416687,
      "mad_x": 0.0031305253505706787,
      "mad_y": 0.012183457612991333
    },
    "center": {
      "median_x": 0.5254256725311279,
      "median_y": 0.422290563583374,
      "mad_x": 0.0025569796562194824,
      "mad_y": 0.014802932739257812
    },
    "r": {
      "median_x": 0.5995357036590576,
      "median_y": 0.3888033330440521,
      "mad_x": 0.0031499266624450684,
      "mad_y": 0.009062975645065308
    },
    "bl": {
      "median_x": 0.4421234428882599,
      "median_y": 0.5628464221954346,
      "mad_x": 0.0036852359771728516,
      "mad_y": 0.013040304183959961
    },
    "b": {
      "median_x": 0.5296114087104797,
      "median_y": 0.5420005917549133,
      "mad_x": 0.0024889707565307617,
      "mad_y": 0.006010949611663818
    },
    "br": {
      "median_x": 0.5943069458007812,
      "median_y": 0.5425663590431213,
      "mad_x": 0.002811908721923828,
      "mad_y": 0.005097746849060059
    }
  },
  "openness_comp": {
    "ref": 0.3136587338290351,
    "beta_y": -0.8891133176960824
  },
  "filter": {
    "min_cutoff": 0.8,
    "beta": 0.02,
    "d_cutoff": 1.0
  },
  "range": {
    "gx_min": 0.41212344288825986,
    "gx_max": 0.6398371148109436,
    "gy_min": 0.18726169357446668,
    "gy_max": 0.6219897083888404
  },
  "ml": {
    "ready": true,
    "user_id": "Lenovo",
    "model_file": "ml_model_Lenovo.npz",
    "feature_order": [
      "gx",
      "gy",
      "yaw",
      "pitch",
      "roll",
      "tz"
    ],
    "alpha": 0.5,
    "version": 1
  }
}