{
  "timestamp": "2026-03-23T14:26:42",
  "calib": {
    "tl": [
      0.4036921560764313,
      0.2974308801981299
    ],
    "t": [
      0.48927387595176697,
      0.2967915075645694
    ],
    "tr": [
      0.5665687322616577,
      0.2797801594246414
    ],
    "l": [
      0.416330486536026,
      0.378284376018666
    ],
    "center": [
      0.48431235551834106,
      0.42379986681394394
    ],
    "r": [
      0.5654135942459106,
      0.3516600156685696
    ],
    "bl": [
      0.41753485798835754,
      0.6246501414800465
    ],
    "b": [
      0.48946335911750793,
      0.5780415075645694
    ],
    "br": [
      0.5783491730690002,
      0.5374883787691846
    ]
  },
  "axis_flip": {
    "x": false,
    "y": false
  },
  "map_x": {
    "L": 0.416330486536026,
    "C": 0.48927387595176697,
    "R": 0.5665687322616577
  },
  "map_y": {
    "T": 0.2967915075645694,
    "C": 0.378284376018666,
    "B": 0.5780415075645694
  },
  "quality": {
    "tl": {
      "median_x": 0.4036921560764313,
      "median_y": 0.33307284116744995,
      "mad_x": 0.0015750527381896973,
      "mad_y": 0.005148947238922119
    },
    "t": {
      "median_x": 0.48927387595176697,
      "median_y": 0.3325459659099579,
      "mad_x": 0.0009379386901855469,
      "mad_y": 0.002807915210723877
    },
    "tr": {
      "median_x": 0.5665687322616577,
      "median_y": 0.3185277581214905,
      "mad_x": 0.00119781494140625,
      "mad_y": 0.002062678337097168
    },
    "l": {
      "median_x": 0.416330486536026,
      "median_y": 0.39970019459724426,
      "mad_x": 0.0010153651237487793,
      "mad_y": 0.00469169020652771
    },
    "center": {
      "median_x": 0.48431235551834106,
      "median_y": 0.43720725178718567,
      "mad_x": 0.0012048780918121338,
      "mad_y": 0.0035095512866973877
    },
    "r": {
      "median_x": 0.5654135942459106,
      "median_y": 0.3777603805065155,
      "mad_x": 0.0016551017761230469,
      "mad_y": 0.004277080297470093
    },
    "bl": {
      "median_x": 0.41753485798835754,
      "median_y": 0.6027179956436157,
      "mad_x": 0.001206815242767334,
      "mad_y": 0.007308363914489746
    },
    "b": {
      "median_x": 0.48946335911750793,
      "median_y": 0.5643101334571838,
      "mad_x": 0.0015059709548950195,
      "mad_y": 0.004982888698577881
    },
    "br": {
      "median_x": 0.5783491730690002,
      "median_y": 0.5308923125267029,
      "mad_x": 0.0014820098876953125,
      "mad_y": 0.006972074508666992
    }
  },
  "openness_comp": {
    "ref": 0.3618337499351292,
    "beta_y": -0.687536402696733
  },
  "filter": {
    "min_cutoff": 0.8,
    "beta": 0.02,
    "d_cutoff": 1.0
  },
  "range": {
    "gx_min": 0.37369215607643125,
    "gx_max": 0.6083491730690003,
    "gy_min": 0.2497801594246414,
    "gy_max": 0.6546501414800465
  },
  "ml": {
    "ready": true,
    "user_id": "Lenovo",
    "model_file": "ml_model_Lenovo.npz",
    "feature_order": [
      "gx",
      "gy",
      "yaw",
      "pitch",
      "roll",
      "tz"
    ],
    "alpha": 0.5,
    "version": 1
  }
}