{
  "timestamp": "2026-02-15T17:17:51",
  "calib": {
    "tl": [
      0.4748055040836334,
      0.17077267097232707
    ],
    "t": [
      0.5122681856155396,
      0.21375456694491446
    ],
    "tr": [
      0.5724976658821106,
      0.15487393255532778
    ],
    "l": [
      0.4713844358921051,
      0.3730053122248437
    ],
    "center": [
      0.5147852301597595,
      0.36801131372868645
    ],
    "r": [
      0.5767461061477661,
      0.2548744652017447
    ],
    "bl": [
      0.4778367280960083,
      0.46319908049023234
    ],
    "b": [
      0.5199238061904907,
      0.45202267097232707
    ],
    "br": [
      0.5735113620758057,
      0.42899764153198994
    ]
  },
  "axis_flip": {
    "x": false,
    "y": false
  },
  "map_x": null,
  "map_y": null,
  "quality": {
    "tl": {
      "median_x": 0.4748055040836334,
      "median_y": 0.3358507752418518,
      "mad_x": 0.004442006349563599,
      "mad_y": 0.006956160068511963
    },
    "t": {
      "median_x": 0.5122681856155396,
      "median_y": 0.3572810888290405,
      "mad_x": 0.004931449890136719,
      "mad_y": 0.01218944787979126
    },
    "tr": {
      "median_x": 0.5724976658821106,
      "median_y": 0.32792383432388306,
      "mad_x": 0.0031280517578125,
      "mad_y": 0.008451223373413086
    },
    "l": {
      "median_x": 0.4713844358921051,
      "median_y": 0.4366818070411682,
      "mad_x": 0.0023823976516723633,
      "mad_y": 0.011357754468917847
    },
    "center": {
      "median_x": 0.5147852301597595,
      "median_y": 0.43419185280799866,
      "mad_x": 0.003972351551055908,
      "mad_y": 0.013658791780471802
    },
    "r": {
      "median_x": 0.5767461061477661,
      "median_y": 0.37778303027153015,
      "mad_x": 0.002553999423980713,
      "mad_y": 0.010050684213638306
    },
    "bl": {
      "median_x": 0.4778367280960083,
      "median_y": 0.4816514551639557,
      "mad_x": 0.004340618848800659,
      "mad_y": 0.012931764125823975
    },
    "b": {
      "median_x": 0.5199238061904907,
      "median_y": 0.4760790169239044,
      "mad_x": 0.001978456974029541,
      "mad_y": 0.0073930323123931885
    },
    "br": {
      "median_x": 0.5735113620758057,
      "median_y": 0.46459898352622986,
      "mad_x": 0.002191901206970215,
      "mad_y": 0.005207479000091553
    }
  },
  "openness_comp": {
    "ref": 0.3850546426143652,
    "beta_y": 0.46140090247299836
  },
  "filter": {
    "min_cutoff": 0.8,
    "beta": 0.02,
    "d_cutoff": 1.0
  },
  "range": {
    "gx_min": 0.4448055040836334,
    "gx_max": 0.6035113620758057,
    "gy_min": 0.12487393255532778,
    "gy_max": 0.4931990804902323
  },
  "ml": {
    "ready": true,
    "user_id": "Lenovo",
    "model_file": "ml_model_Lenovo.npz",
    "feature_order": [
      "gx",
      "gy",
      "yaw",
      "pitch",
      "roll",
      "tz"
    ],
    "alpha": 0.5,
    "version": 1
  }
}