{
  "timestamp": "2026-03-22T19:51:43",
  "calib": {
    "tl": [
      0.423984557390213,
      0.25633309694662154
    ],
    "t": [
      0.5012105107307434,
      0.28603147130227324
    ],
    "tr": [
      0.5837202668190002,
      0.2116435562955843
    ],
    "l": [
      0.42245373129844666,
      0.35988506163460215
    ],
    "center": [
      0.49883922934532166,
      0.3521040930141567
    ],
    "r": [
      0.5691065788269043,
      0.3090436303556575
    ],
    "bl": [
      0.42790862917900085,
      0.5648218237458511
    ],
    "b": [
      0.49593448638916016,
      0.5375830969466215
    ],
    "br": [
      0.5764411687850952,
      0.4846697716861059
    ]
  },
  "axis_flip": {
    "x": false,
    "y": false
  },
  "map_x": {
    "L": 0.423984557390213,
    "C": 0.49883922934532166,
    "R": 0.5764411687850952
  },
  "map_y": {
    "T": 0.25633309694662154,
    "C": 0.3521040930141567,
    "B": 0.5375830969466215
  },
  "quality": {
    "tl": {
      "median_x": 0.423984557390213,
      "median_y": 0.3244626820087433,
      "mad_x": 0.0016692578792572021,
      "mad_y": 0.006897985935211182
    },
    "t": {
      "median_x": 0.5012105107307434,
      "median_y": 0.3458573520183563,
      "mad_x": 0.0016678273677825928,
      "mad_y": 0.0037966370582580566
    },
    "tr": {
      "median_x": 0.5837202668190002,
      "median_y": 0.29226839542388916,
      "mad_x": 0.0017107129096984863,
      "mad_y": 0.0036030113697052
    },
    "l": {
      "median_x": 0.42245373129844666,
      "median_y": 0.399061381816864,
      "mad_x": 0.002285182476043701,
      "mad_y": 0.0024130046367645264
    },
    "center": {
      "median_x": 0.49883922934532166,
      "median_y": 0.39345598220825195,
      "mad_x": 0.0018989741802215576,
      "mad_y": 0.00688856840133667
    },
    "r": {
      "median_x": 0.5691065788269043,
      "median_y": 0.3624352812767029,
      "mad_x": 0.0013620257377624512,
      "mad_y": 0.006303220987319946
    },
    "bl": {
      "median_x": 0.42790862917900085,
      "median_y": 0.5466975569725037,
      "mad_x": 0.0012198686599731445,
      "mad_y": 0.00803828239440918
    },
    "b": {
      "median_x": 0.49593448638916016,
      "median_y": 0.5270748138427734,
      "mad_x": 0.0019542276859283447,
      "mad_y": 0.0074274539947509766
    },
    "br": {
      "median_x": 0.5764411687850952,
      "median_y": 0.48895612359046936,
      "mad_x": 0.0011571645736694336,
      "mad_y": 0.0051927268505096436
    }
  },
  "openness_comp": {
    "ref": 0.379092859771175,
    "beta_y": 0.7590972032699451
  },
  "filter": {
    "min_cutoff": 0.8,
    "beta": 0.02,
    "d_cutoff": 1.0
  },
  "range": {
    "gx_min": 0.393984557390213,
    "gx_max": 0.6137202668190003,
    "gy_min": 0.1816435562955843,
    "gy_max": 0.5948218237458511
  },
  "ml": {
    "ready": true,
    "user_id": "Lenovo",
    "model_file": "ml_model_Lenovo.npz",
    "feature_order": [
      "gx",
      "gy",
      "yaw",
      "pitch",
      "roll",
      "tz"
    ],
    "alpha": 0.5,
    "version": 1
  }
}