{
  "timestamp": "2026-02-20T11:46:38",
  "calib": {
    "tl": [
      0.36990904808044434,
      0.14100039704003525
    ],
    "t": [
      0.44593751430511475,
      0.16191339272483585
    ],
    "tr": [
      0.5573698878288269,
      0.1743877878682572
    ],
    "l": [
      0.3738431930541992,
      0.2702193743626428
    ],
    "center": [
      0.44530338048934937,
      0.3147143509982796
    ],
    "r": [
      0.5532035827636719,
      0.27495879620368946
    ],
    "bl": [
      0.39011141657829285,
      0.4431633927248358
    ],
    "b": [
      0.4681650996208191,
      0.4876619163156787
    ],
    "br": [
      0.5517685413360596,
      0.436222395492687
    ]
  },
  "axis_flip": {
    "x": false,
    "y": false
  },
  "map_x": {
    "L": 0.3738431930541992,
    "C": 0.44593751430511475,
    "R": 0.5532035827636719
  },
  "map_y": {
    "T": 0.16191339272483585,
    "C": 0.27495879620368946,
    "B": 0.4431633927248358
  },
  "quality": {
    "tl": {
      "median_x": 0.36990904808044434,
      "median_y": 0.2828194797039032,
      "mad_x": 0.001662224531173706,
      "mad_y": 0.004552990198135376
    },
    "t": {
      "median_x": 0.44593751430511475,
      "median_y": 0.2954710125923157,
      "mad_x": 0.0013753771781921387,
      "mad_y": 0.006745100021362305
    },
    "tr": {
      "median_x": 0.5573698878288269,
      "median_y": 0.3030175268650055,
      "mad_x": 0.0016271471977233887,
      "mad_y": 0.0036329030990600586
    },
    "l": {
      "median_x": 0.3738431930541992,
      "median_y": 0.36099183559417725,
      "mad_x": 0.0015552937984466553,
      "mad_y": 0.003159940242767334
    },
    "center": {
      "median_x": 0.44530338048934937,
      "median_y": 0.38790953159332275,
      "mad_x": 0.001369386911392212,
      "mad_y": 0.004902899265289307
    },
    "r": {
      "median_x": 0.5532035827636719,
      "median_y": 0.36385899782180786,
      "mad_x": 0.002896428108215332,
      "mad_y": 0.004151970148086548
    },
    "bl": {
      "median_x": 0.39011141657829285,
      "median_y": 0.4656161069869995,
      "mad_x": 0.0022901594638824463,
      "mad_y": 0.00469323992729187
    },
    "b": {
      "median_x": 0.4681650996208191,
      "median_y": 0.49253594875335693,
      "mad_x": 0.0020971298217773438,
      "mad_y": 0.006223171949386597
    },
    "br": {
      "median_x": 0.5517685413360596,
      "median_y": 0.4614170789718628,
      "mad_x": 0.0021242499351501465,
      "mad_y": 0.006373316049575806
    }
  },
  "openness_comp": {
    "ref": 0.3614545656224235,
    "beta_y": -0.4928792262595326
  },
  "filter": {
    "min_cutoff": 0.8,
    "beta": 0.02,
    "d_cutoff": 1.0
  },
  "range": {
    "gx_min": 0.3399090480804443,
    "gx_max": 0.5873698878288269,
    "gy_min": 0.11100039704003525,
    "gy_max": 0.47316339272483576
  },
  "ml": {
    "ready": true,
    "user_id": "User",
    "model_file": "ml_model_User.npz",
    "feature_order": [
      "gx",
      "gy",
      "yaw",
      "pitch",
      "roll",
      "tz"
    ],
    "alpha": 0.5,
    "version": 1
  }
}