{
  "timestamp": "2026-02-14T23:35:50",
  "calib": {
    "tl": [
      0.3734950125217438,
      0.11839553768897215
    ],
    "t": [
      0.4897865653038025,
      0.1607729448167492
    ],
    "tr": [
      0.6066100597381592,
      0.1349632921301993
    ],
    "l": [
      0.3703972399234772,
      0.17108459752872218
    ],
    "center": [
      0.4999854266643524,
      0.26762224722853395
    ],
    "r": [
      0.6153934597969055,
      0.28066308249985206
    ],
    "bl": [
      0.3670182228088379,
      0.3365910659698448
    ],
    "b": [
      0.4816320538520813,
      0.4162132921301993
    ],
    "br": [
      0.5908312797546387,
      0.48861484115534287
    ]
  },
  "axis_flip": {
    "x": false,
    "y": false
  },
  "map_x": {
    "L": 0.3703972399234772,
    "C": 0.4897865653038025,
    "R": 0.6066100597381592
  },
  "map_y": {
    "T": 0.1349632921301993,
    "C": 0.26762224722853395,
    "B": 0.4162132921301993
  },
  "quality": {
    "tl": {
      "median_x": 0.3734950125217438,
      "median_y": 0.2423332929611206,
      "mad_x": 0.004191309213638306,
      "mad_y": 0.01263931393623352
    },
    "t": {
      "median_x": 0.4897865653038025,
      "median_y": 0.27094733715057373,
      "mad_x": 0.0025364458560943604,
      "mad_y": 0.003202080726623535
    },
    "tr": {
      "median_x": 0.6066100597381592,
      "median_y": 0.2535201609134674,
      "mad_x": 0.003808319568634033,
      "mad_y": 0.00765383243560791
    },
    "l": {
      "median_x": 0.3703972399234772,
      "median_y": 0.2779099643230438,
      "mad_x": 0.0020798146724700928,
      "mad_y": 0.010718554258346558
    },
    "center": {
      "median_x": 0.4999854266643524,
      "median_y": 0.3430940508842468,
      "mad_x": 0.002355903387069702,
      "mad_y": 0.00539088249206543
    },
    "r": {
      "median_x": 0.6153934597969055,
      "median_y": 0.35189947485923767,
      "mad_x": 0.002031862735748291,
      "mad_y": 0.008084356784820557
    },
    "bl": {
      "median_x": 0.3670182228088379,
      "median_y": 0.38966313004493713,
      "mad_x": 0.0022325515747070312,
      "mad_y": 0.010360509157180786
    },
    "b": {
      "median_x": 0.4816320538520813,
      "median_y": 0.44342559576034546,
      "mad_x": 0.0028012990951538086,
      "mad_y": 0.013671129941940308
    },
    "br": {
      "median_x": 0.5908312797546387,
      "median_y": 0.4923125207424164,
      "mad_x": 0.0022075772285461426,
      "mad_y": 0.00463983416557312
    }
  },
  "openness_comp": {
    "ref": 0.3778760519254958,
    "beta_y": -0.91570137884168
  },
  "filter": {
    "min_cutoff": 0.8,
    "beta": 0.02,
    "d_cutoff": 1.0
  },
  "range": {
    "gx_min": 0.33701822280883786,
    "gx_max": 0.6366100597381592,
    "gy_min": 0.08839553768897215,
    "gy_max": 0.5186148411553428
  }
}