{
  "timestamp": "2026-02-04T19:50:26",
  "calib": {
    "tl": [
      0.4336554706096649,
      0.33898195438086987
    ],
    "t": [
      0.4828889071941376,
      0.25990407168865204
    ],
    "tr": [
      0.5486907958984375,
      0.2206643968820572
    ],
    "l": [
      0.42996180057525635,
      0.3005968891084194
    ],
    "center": [
      0.4871648848056793,
      0.30244914069771767
    ],
    "r": [
      0.5418331027030945,
      0.28770218789577484
    ],
    "bl": [
      0.433641254901886,
      0.40185837261378765
    ],
    "b": [
      0.4914671778678894,
      0.38449713215231895
    ],
    "br": [
      0.5412850975990295,
      0.4151500314474106
    ]
  },
  "axis_flip": {
    "x": false,
    "y": false
  },
  "map_x": {
    "L": 0.433641254901886,
    "C": 0.4871648848056793,
    "R": 0.5418331027030945
  },
  "map_y": {
    "T": 0.25990407168865204,
    "C": 0.3005968891084194,
    "B": 0.40185837261378765
  },
  "quality": {
    "tl": {
      "median_x": 0.4336554706096649,
      "median_y": 0.42639175057411194,
      "mad_x": 0.0024660825729370117,
      "mad_y": 0.0027371346950531006
    },
    "t": {
      "median_x": 0.4828889071941376,
      "median_y": 0.3902418613433838,
      "mad_x": 0.0013871490955352783,
      "mad_y": 0.0042916834354400635
    },
    "tr": {
      "median_x": 0.5486907958984375,
      "median_y": 0.37230372428894043,
      "mad_x": 0.0015321969985961914,
      "mad_y": 0.0026888251304626465
    },
    "l": {
      "median_x": 0.42996180057525635,
      "median_y": 0.4088442921638489,
      "mad_x": 0.0019332170486450195,
      "mad_y": 0.005283147096633911
    },
    "center": {
      "median_x": 0.4871648848056793,
      "median_y": 0.4096910357475281,
      "mad_x": 0.0018888115882873535,
      "mad_y": 0.006148487329483032
    },
    "r": {
      "median_x": 0.5418331027030945,
      "median_y": 0.40294957160949707,
      "mad_x": 0.0022848844528198242,
      "mad_y": 0.004357844591140747
    },
    "bl": {
      "median_x": 0.433641254901886,
      "median_y": 0.4551352560520172,
      "mad_x": 0.0035862624645233154,
      "mad_y": 0.008080244064331055
    },
    "b": {
      "median_x": 0.4914671778678894,
      "median_y": 0.44719868898391724,
      "mad_x": 0.0016652047634124756,
      "mad_y": 0.005770057439804077
    },
    "br": {
      "median_x": 0.5412850975990295,
      "median_y": 0.4612114429473877,
      "mad_x": 0.0020924806594848633,
      "mad_y": 0.005705714225769043
    }
  },
  "openness_comp": {
    "ref": 0.3975817479274626,
    "beta_y": 0.6770357441429047
  },
  "filter": {
    "min_cutoff": 0.8,
    "beta": 0.02,
    "d_cutoff": 1.0
  },
  "range": {
    "gx_min": 0.40364125490188596,
    "gx_max": 0.5786907958984375,
    "gy_min": 0.1906643968820572,
    "gy_max": 0.4451500314474106
  }
}