{
  "timestamp": "2026-03-21T14:16:09",
  "calib": {
    "tl": [
      0.38642045855522156,
      0.309825643695648
    ],
    "t": [
      0.4825612008571625,
      0.35043208739837717
    ],
    "tr": [
      0.5859489440917969,
      0.29961402468074627
    ],
    "l": [
      0.39481043815612793,
      0.3798748902687866
    ],
    "center": [
      0.48767155408859253,
      0.43438030078463424
    ],
    "r": [
      0.5825692415237427,
      0.450907512570571
    ],
    "bl": [
      0.40479111671447754,
      0.6427944585303631
    ],
    "b": [
      0.49820590019226074,
      0.5698267078148002
    ],
    "br": [
      0.5647234320640564,
      0.591075643695648
    ]
  },
  "axis_flip": {
    "x": false,
    "y": false
  },
  "map_x": {
    "L": 0.39481043815612793,
    "C": 0.48767155408859253,
    "R": 0.5825692415237427
  },
  "map_y": {
    "T": 0.309825643695648,
    "C": 0.43438030078463424,
    "B": 0.591075643695648
  },
  "quality": {
    "tl": {
      "median_x": 0.38642045855522156,
      "median_y": 0.33152857422828674,
      "mad_x": 0.002050250768661499,
      "mad_y": 0.002200514078140259
    },
    "t": {
      "median_x": 0.4825612008571625,
      "median_y": 0.3675009608268738,
      "mad_x": 0.001147925853729248,
      "mad_y": 0.011366307735443115
    },
    "tr": {
      "median_x": 0.5859489440917969,
      "median_y": 0.32248231768608093,
      "mad_x": 0.0023688673973083496,
      "mad_y": 0.004979908466339111
    },
    "l": {
      "median_x": 0.39481043815612793,
      "median_y": 0.3935837149620056,
      "mad_x": 0.0014278888702392578,
      "mad_y": 0.006344228982925415
    },
    "center": {
      "median_x": 0.48767155408859253,
      "median_y": 0.4418689012527466,
      "mad_x": 0.0012718737125396729,
      "mad_y": 0.00964537262916565
    },
    "r": {
      "median_x": 0.5825692415237427,
      "median_y": 0.4565100073814392,
      "mad_x": 0.002237677574157715,
      "mad_y": 0.006467491388320923
    },
    "bl": {
      "median_x": 0.40479111671447754,
      "median_y": 0.6264985799789429,
      "mad_x": 0.0030465126037597656,
      "mad_y": 0.010319828987121582
    },
    "b": {
      "median_x": 0.49820590019226074,
      "median_y": 0.5618579983711243,
      "mad_x": 0.0044068992137908936,
      "mad_y": 0.010277390480041504
    },
    "br": {
      "median_x": 0.5647234320640564,
      "median_y": 0.5806819796562195,
      "mad_x": 0.0025281906127929688,
      "mad_y": 0.0036847591400146484
    }
  },
  "openness_comp": {
    "ref": 0.3375757750246008,
    "beta_y": -1.337914778716316
  },
  "filter": {
    "min_cutoff": 0.8,
    "beta": 0.02,
    "d_cutoff": 1.0
  },
  "range": {
    "gx_min": 0.35642045855522153,
    "gx_max": 0.6159489440917969,
    "gy_min": 0.26961402468074624,
    "gy_max": 0.6727944585303631
  },
  "ml": {
    "ready": true,
    "user_id": "Lenovo",
    "model_file": "ml_model_Lenovo.npz",
    "feature_order": [
      "gx",
      "gy",
      "yaw",
      "pitch",
      "roll",
      "tz"
    ],
    "alpha": 0.5,
    "version": 1
  }
}