{
  "timestamp": "2026-02-01T21:24:37",
  "calib": {
    "tl": [
      0.44738826155662537,
      0.3618687093257904
    ],
    "t": [
      0.5022768974304199,
      0.37933433055877686
    ],
    "tr": [
      0.5794413685798645,
      0.3705741763114929
    ],
    "l": [
      0.4404674768447876,
      0.3774789869785309
    ],
    "center": [
      0.5082268118858337,
      0.39379867911338806
    ],
    "r": [
      0.5780872106552124,
      0.4296232759952545
    ],
    "bl": [
      0.43840789794921875,
      0.40083828568458557
    ],
    "b": [
      0.5085148215293884,
      0.3748062551021576
    ],
    "br": [
      0.5620754361152649,
      0.3944428563117981
    ]
  },
  "axis_flip": {
    "x": false,
    "y": false
  },
  "map_x": null,
  "map_y": null,
  "quality": {
    "tl": {
      "median_x": 0.44738826155662537,
      "median_y": 0.3618687093257904,
      "mad_x": 0.008949756622314453,
      "mad_y": 0.011634349822998047
    },
    "t": {
      "median_x": 0.5022768974304199,
      "median_y": 0.37933433055877686,
      "mad_x": 0.0032986104488372803,
      "mad_y": 0.009390145540237427
    },
    "tr": {
      "median_x": 0.5794413685798645,
      "median_y": 0.3705741763114929,
      "mad_x": 0.00154876708984375,
      "mad_y": 0.011188298463821411
    },
    "l": {
      "median_x": 0.4404674768447876,
      "median_y": 0.3774789869785309,
      "mad_x": 0.0021726787090301514,
      "mad_y": 0.01083645224571228
    },
    "center": {
      "median_x": 0.5082268118858337,
      "median_y": 0.39379867911338806,
      "mad_x": 0.0014905929565429688,
      "mad_y": 0.008408159017562866
    },
    "r": {
      "median_x": 0.5780872106552124,
      "median_y": 0.4296232759952545,
      "mad_x": 0.0021482110023498535,
      "mad_y": 0.008512556552886963
    },
    "bl": {
      "median_x": 0.43840789794921875,
      "median_y": 0.40083828568458557,
      "mad_x": 0.0033883750438690186,
      "mad_y": 0.006381243467330933
    },
    "b": {
      "median_x": 0.5085148215293884,
      "median_y": 0.3748062551021576,
      "mad_x": 0.0017044544219970703,
      "mad_y": 0.004932999610900879
    },
    "br": {
      "median_x": 0.5620754361152649,
      "median_y": 0.3944428563117981,
      "mad_x": 0.0018180608749389648,
      "mad_y": 0.009298622608184814
    }
  },
  "openness_comp": {
    "ref": 0.3995011688286573,
    "beta_y": 1.284201231880809
  },
  "filter": {
    "min_cutoff": 0.8,
    "beta": 0.02,
    "d_cutoff": 1.0
  },
  "range": {
    "gx_min": 0.4084078979492187,
    "gx_max": 0.6094413685798645,
    "gy_min": 0.3318687093257904,
    "gy_max": 0.4308382856845856
  }
}